PT-MultiFeb-0057,PT-MultiFeb-0057-20210210/1
PT-MultiFeb-0057,PT-MultiFeb-0057-20210210/2
PT-MultiFeb-0057,PT-MultiFeb-0057-20210210/3
PT-MultiFeb-0057,PT-MultiFeb-0057-20210210/4
PT-MultiFeb-0057,PT-MultiFeb-0057-20210210/5
PT-MultiFeb-0057,PT-MultiFeb-0057-20210210/6
PT-MultiFeb-0057,PT-MultiFeb-0057-20210210/7
PT-MultiFeb-0057,PT-MultiFeb-0057-20210210/8
PT-MultiFeb-0057,PT-MultiFeb-0057-20210210/9
PT-MultiFeb-0057,PT-MultiFeb-0057-20210210/10
PT-MultiFeb-0057,PT-MultiFeb-0057-20210210/11
PT-MultiFeb-0057,PT-MultiFeb-0057-20210210/12
PT-MultiFeb-0057,PT-MultiFeb-0057-20210210/13
PT-MultiFeb-0057,PT-MultiFeb-0057-20210210/14
PT-MultiFeb-0057,PT-MultiFeb-0057-20210210/15
PT-MultiFeb-0057,PT-MultiFeb-0057-20210210/16
PT-MultiFeb-0057,PT-MultiFeb-0057-20210210/17
PT-MultiFeb-0057,PT-MultiFeb-0057-20210210/18
PT-MultiFeb-0057,PT-MultiFeb-0057-20210210/19
PT-MultiFeb-0057,PT-MultiFeb-0057-20210210/20
PT-MultiFeb-0057,PT-MultiFeb-0057-20210210/21
PT-MultiFeb-0057,PT-MultiFeb-0057-20210210/22
PT-MultiFeb-0057,PT-MultiFeb-0057-20210210/23
PT-MultiFeb-0057,PT-MultiFeb-0057-20210210/24
PT-MultiFeb-0057,PT-MultiFeb-0057-20210210/25
PT-MultiFeb-0057,PT-MultiFeb-0057-20210210/26
PT-MultiFeb-0057,PT-MultiFeb-0057-20210210/27
PT-MultiFeb-0057,PT-MultiFeb-0057-20210210/28
PT-MultiFeb-0057,PT-MultiFeb-0057-20210210/29
PT-MultiFeb-0057,PT-MultiFeb-0057-20210210/30
PT-MultiFeb-0057,PT-MultiFeb-0057-20210210/31
PT-MultiFeb-0057,PT-MultiFeb-0057-20210210/32
PT-MultiFeb-0057,PT-MultiFeb-0057-20210210/33
PT-MultiFeb-0057,PT-MultiFeb-0057-20210210/34
PT-MultiFeb-0057,PT-MultiFeb-0057-20210210/35
PT-MultiFeb-0057,PT-MultiFeb-0057-20210210/36
PT-MultiFeb-0057,PT-MultiFeb-0057-20210210/37
PT-MultiFeb-0057,PT-MultiFeb-0057-20210210/38
PT-MultiFeb-0057,PT-MultiFeb-0057-20210210/39
PT-MultiFeb-0057,PT-MultiFeb-0057-20210210/40
PT-MultiFeb-0057,PT-MultiFeb-0057-20210210/41
PT-MultiFeb-0058,PT-MultiFeb-0058-20210210/42
PT-MultiFeb-0057,PT-MultiFeb-0057-20210210/43
PT-MultiFeb-0058,PT-MultiFeb-0058-20210210/44
PT-MultiFeb-0057,PT-MultiFeb-0057-20210210/45
PT-MultiFeb-0058,PT-MultiFeb-0058-20210210/46
PT-MultiFeb-0057,PT-MultiFeb-0057-20210210/47
PT-MultiFeb-0058,PT-MultiFeb-0058-20210210/48
PT-MultiFeb-0057,PT-MultiFeb-0057-20210210/49
PT-MultiFeb-0058,PT-MultiFeb-0058-20210210/50
PT-MultiFeb-0057,PT-MultiFeb-0057-20210210/51
PT-MultiFeb-0058,PT-MultiFeb-0058-20210210/52
PT-MultiFeb-0057,PT-MultiFeb-0057-20210210/53
PT-MultiFeb-0058,PT-MultiFeb-0058-20210210/54
PT-MultiFeb-0057,PT-MultiFeb-0057-20210210/55
PT-MultiFeb-0058,PT-MultiFeb-0058-20210210/56
PT-MultiFeb-0057,PT-MultiFeb-0057-20210210/57
PT-MultiFeb-0058,PT-MultiFeb-0058-20210210/58
PT-MultiFeb-0057,PT-MultiFeb-0057-20210210/59
PT-MultiFeb-0058,PT-MultiFeb-0058-20210210/60
PT-MultiFeb-0057,PT-MultiFeb-0057-20210210/61
PT-MultiFeb-0058,PT-MultiFeb-0058-20210210/62
PT-MultiFeb-0057,PT-MultiFeb-0057-20210210/63
PT-MultiFeb-0058,PT-MultiFeb-0058-20210210/64
PT-MultiFeb-0057,PT-MultiFeb-0057-20210210/65
PT-MultiFeb-0058,PT-MultiFeb-0058-20210210/66
PT-MultiFeb-0057,PT-MultiFeb-0057-20210210/67
PT-MultiFeb-0058,PT-MultiFeb-0058-20210210/68
PT-MultiFeb-0057,PT-MultiFeb-0057-20210210/69
PT-MultiFeb-0058,PT-MultiFeb-0058-20210210/70
PT-MultiFeb-0057,PT-MultiFeb-0057-20210210/71
PT-MultiFeb-0058,PT-MultiFeb-0058-20210210/72
PT-MultiFeb-0057,PT-MultiFeb-0057-20210210/73
PT-MultiFeb-0058,PT-MultiFeb-0058-20210210/74
PT-MultiFeb-0057,PT-MultiFeb-0057-20210210/75
PT-MultiFeb-0058,PT-MultiFeb-0058-20210210/76
PT-MultiFeb-0057,PT-MultiFeb-0057-20210210/77
PT-MultiFeb-0058,PT-MultiFeb-0058-20210210/78
PT-MultiFeb-0057,PT-MultiFeb-0057-20210210/79
PT-MultiFeb-0058,PT-MultiFeb-0058-20210210/80
PT-MultiFeb-0057,PT-MultiFeb-0057-20210210/81
PT-MultiFeb-0058,PT-MultiFeb-0058-20210210/82
PT-MultiFeb-0057,PT-MultiFeb-0057-20210210/83
PT-MultiFeb-0058,PT-MultiFeb-0058-20210210/84
PT-MultiFeb-0057,PT-MultiFeb-0057-20210210/85
PT-MultiFeb-0058,PT-MultiFeb-0058-20210210/86
PT-MultiFeb-0057,PT-MultiFeb-0057-20210210/87
PT-MultiFeb-0058,PT-MultiFeb-0058-20210210/88
PT-MultiFeb-0057,PT-MultiFeb-0057-20210210/89
PT-MultiFeb-0058,PT-MultiFeb-0058-20210210/90
PT-MultiFeb-0057,PT-MultiFeb-0057-20210210/91
PT-MultiFeb-0058,PT-MultiFeb-0058-20210210/92
PT-MultiFeb-0057,PT-MultiFeb-0057-20210210/93
PT-MultiFeb-0058,PT-MultiFeb-0058-20210210/94
PT-MultiFeb-0057,PT-MultiFeb-0057-20210210/95
PT-MultiFeb-0058,PT-MultiFeb-0058-20210210/96
PT-MultiFeb-0057,PT-MultiFeb-0057-20210210/97
PT-MultiFeb-0058,PT-MultiFeb-0058-20210210/98
PT-MultiFeb-0057,PT-MultiFeb-0057-20210210/99
PT-MultiFeb-0058,PT-MultiFeb-0058-20210210/100
PT-MultiFeb-0058,PT-MultiFeb-0058-20210210/102
PT-MultiFeb-0057,PT-MultiFeb-0057-20210210/101
PT-MultiFeb-0058,PT-MultiFeb-0058-20210210/103
PT-MultiFeb-0057,PT-MultiFeb-0057-20210210/104
PT-MultiFeb-0057,PT-MultiFeb-0057-20210210/106
PT-MultiFeb-0058,PT-MultiFeb-0058-20210210/105
PT-MultiFeb-0057,PT-MultiFeb-0057-20210210/107
PT-MultiFeb-0058,PT-MultiFeb-0058-20210210/108
PT-MultiFeb-0057,PT-MultiFeb-0057-20210210/109
PT-MultiFeb-0058,PT-MultiFeb-0058-20210210/110
PT-MultiFeb-0057,PT-MultiFeb-0057-20210210/111
PT-MultiFeb-0058,PT-MultiFeb-0058-20210210/112
PT-MultiFeb-0057,PT-MultiFeb-0057-20210210/113
PT-MultiFeb-0058,PT-MultiFeb-0058-20210210/114
PT-MultiFeb-0057,PT-MultiFeb-0057-20210210/115
PT-MultiFeb-0058,PT-MultiFeb-0058-20210210/116
PT-MultiFeb-0057,PT-MultiFeb-0057-20210210/117
PT-MultiFeb-0058,PT-MultiFeb-0058-20210210/118
PT-MultiFeb-0057,PT-MultiFeb-0057-20210210/119
PT-MultiFeb-0058,PT-MultiFeb-0058-20210210/120
PT-MultiFeb-0057,PT-MultiFeb-0057-20210210/121
PT-MultiFeb-0058,PT-MultiFeb-0058-20210210/122
PT-MultiFeb-0057,PT-MultiFeb-0057-20210210/123
PT-MultiFeb-0058,PT-MultiFeb-0058-20210210/124
PT-MultiFeb-0057,PT-MultiFeb-0057-20210210/125
PT-MultiFeb-0058,PT-MultiFeb-0058-20210210/126
PT-MultiFeb-0058,PT-MultiFeb-0058-20210210/129
PT-MultiFeb-0057,PT-MultiFeb-0057-20210210/128
PT-MultiFeb-0059,PT-MultiFeb-0059-20210210/127
PT-MultiFeb-0058,PT-MultiFeb-0058-20210210/130
PT-MultiFeb-0057,PT-MultiFeb-0057-20210210/131
PT-MultiFeb-0059,PT-MultiFeb-0059-20210210/132
PT-MultiFeb-0058,PT-MultiFeb-0058-20210210/133
PT-MultiFeb-0057,PT-MultiFeb-0057-20210210/134
PT-MultiFeb-0059,PT-MultiFeb-0059-20210210/135
PT-MultiFeb-0058,PT-MultiFeb-0058-20210210/136
PT-MultiFeb-0057,PT-MultiFeb-0057-20210210/137
PT-MultiFeb-0058,PT-MultiFeb-0058-20210210/139
PT-MultiFeb-0059,PT-MultiFeb-0059-20210210/138
PT-MultiFeb-0057,PT-MultiFeb-0057-20210210/140
PT-MultiFeb-0058,PT-MultiFeb-0058-20210210/141
PT-MultiFeb-0059,PT-MultiFeb-0059-20210210/142
PT-MultiFeb-0057,PT-MultiFeb-0057-20210210/143
PT-MultiFeb-0058,PT-MultiFeb-0058-20210210/144
PT-MultiFeb-0059,PT-MultiFeb-0059-20210210/145
PT-MultiFeb-0058,PT-MultiFeb-0058-20210210/147
PT-MultiFeb-0057,PT-MultiFeb-0057-20210210/146
PT-MultiFeb-0059,PT-MultiFeb-0059-20210210/148
PT-MultiFeb-0058,PT-MultiFeb-0058-20210210/149
PT-MultiFeb-0057,PT-MultiFeb-0057-20210210/150
PT-MultiFeb-0059,PT-MultiFeb-0059-20210210/151
PT-MultiFeb-0058,PT-MultiFeb-0058-20210210/152
PT-MultiFeb-0057,PT-MultiFeb-0057-20210210/153
PT-MultiFeb-0059,PT-MultiFeb-0059-20210210/154
PT-MultiFeb-0058,PT-MultiFeb-0058-20210210/155
PT-MultiFeb-0057,PT-MultiFeb-0057-20210210/156
PT-MultiFeb-0059,PT-MultiFeb-0059-20210210/157
PT-MultiFeb-0058,PT-MultiFeb-0058-20210210/158
PT-MultiFeb-0057,PT-MultiFeb-0057-20210210/159
PT-MultiFeb-0059,PT-MultiFeb-0059-20210210/160
PT-MultiFeb-0058,PT-MultiFeb-0058-20210210/161
PT-MultiFeb-0057,PT-MultiFeb-0057-20210210/162
PT-MultiFeb-0059,PT-MultiFeb-0059-20210210/163
PT-MultiFeb-0058,PT-MultiFeb-0058-20210210/164
PT-MultiFeb-0057,PT-MultiFeb-0057-20210210/165
PT-MultiFeb-0059,PT-MultiFeb-0059-20210210/166
PT-MultiFeb-0058,PT-MultiFeb-0058-20210210/167
PT-MultiFeb-0057,PT-MultiFeb-0057-20210210/168
PT-MultiFeb-0059,PT-MultiFeb-0059-20210210/169
PT-MultiFeb-0058,PT-MultiFeb-0058-20210210/170
PT-MultiFeb-0057,PT-MultiFeb-0057-20210210/171
PT-MultiFeb-0059,PT-MultiFeb-0059-20210210/172
PT-MultiFeb-0058,PT-MultiFeb-0058-20210210/173
PT-MultiFeb-0057,PT-MultiFeb-0057-20210210/174
PT-MultiFeb-0059,PT-MultiFeb-0059-20210210/175
PT-MultiFeb-0058,PT-MultiFeb-0058-20210210/176
PT-MultiFeb-0057,PT-MultiFeb-0057-20210210/177
PT-MultiFeb-0058,PT-MultiFeb-0058-20210210/179
PT-MultiFeb-0059,PT-MultiFeb-0059-20210210/178
PT-MultiFeb-0057,PT-MultiFeb-0057-20210210/180
PT-MultiFeb-0059,PT-MultiFeb-0059-20210210/182
PT-MultiFeb-0058,PT-MultiFeb-0058-20210210/181
PT-MultiFeb-0057,PT-MultiFeb-0057-20210210/183
PT-MultiFeb-0059,PT-MultiFeb-0059-20210210/184
PT-MultiFeb-0058,PT-MultiFeb-0058-20210210/185
PT-MultiFeb-0057,PT-MultiFeb-0057-20210210/186
PT-MultiFeb-0058,PT-MultiFeb-0058-20210210/188
PT-MultiFeb-0059,PT-MultiFeb-0059-20210210/187
PT-MultiFeb-0057,PT-MultiFeb-0057-20210210/189
PT-MultiFeb-0058,PT-MultiFeb-0058-20210210/190
PT-MultiFeb-0059,PT-MultiFeb-0059-20210210/191
PT-MultiFeb-0057,PT-MultiFeb-0057-20210210/192
PT-MultiFeb-0058,PT-MultiFeb-0058-20210210/193
PT-MultiFeb-0059,PT-MultiFeb-0059-20210210/194
PT-MultiFeb-0057,PT-MultiFeb-0057-20210210/195
PT-MultiFeb-0058,PT-MultiFeb-0058-20210210/196
PT-MultiFeb-0059,PT-MultiFeb-0059-20210210/197
PT-MultiFeb-0058,PT-MultiFeb-0058-20210210/199
PT-MultiFeb-0057,PT-MultiFeb-0057-20210210/198
PT-MultiFeb-0059,PT-MultiFeb-0059-20210210/200
PT-MultiFeb-0058,PT-MultiFeb-0058-20210210/202
PT-MultiFeb-0059,PT-MultiFeb-0059-20210210/203
PT-MultiFeb-0057,PT-MultiFeb-0057-20210210/201
PT-MultiFeb-0059,PT-MultiFeb-0059-20210210/204
PT-MultiFeb-0058,PT-MultiFeb-0058-20210210/205
PT-MultiFeb-0057,PT-MultiFeb-0057-20210210/206
PT-MultiFeb-0059,PT-MultiFeb-0059-20210210/207
PT-MultiFeb-0057,PT-MultiFeb-0057-20210210/209
PT-MultiFeb-0058,PT-MultiFeb-0058-20210210/208
PT-MultiFeb-0059,PT-MultiFeb-0059-20210210/210
PT-MultiFeb-0057,PT-MultiFeb-0057-20210210/211
PT-MultiFeb-0058,PT-MultiFeb-0058-20210210/212
PT-MultiFeb-0059,PT-MultiFeb-0059-20210210/213
PT-MultiFeb-0057,PT-MultiFeb-0057-20210210/214
PT-MultiFeb-0058,PT-MultiFeb-0058-20210210/215
PT-MultiFeb-0059,PT-MultiFeb-0059-20210210/216
PT-MultiFeb-0058,PT-MultiFeb-0058-20210210/218
PT-MultiFeb-0057,PT-MultiFeb-0057-20210210/217
PT-MultiFeb-0059,PT-MultiFeb-0059-20210210/219
PT-MultiFeb-0058,PT-MultiFeb-0058-20210210/220
PT-MultiFeb-0057,PT-MultiFeb-0057-20210210/221
PT-MultiFeb-0059,PT-MultiFeb-0059-20210210/222
PT-MultiFeb-0058,PT-MultiFeb-0058-20210210/223
PT-MultiFeb-0057,PT-MultiFeb-0057-20210210/224
PT-MultiFeb-0059,PT-MultiFeb-0059-20210210/225
PT-MultiFeb-0058,PT-MultiFeb-0058-20210210/226
PT-MultiFeb-0057,PT-MultiFeb-0057-20210210/227
PT-MultiFeb-0059,PT-MultiFeb-0059-20210210/228
PT-MultiFeb-0058,PT-MultiFeb-0058-20210210/229
PT-MultiFeb-0057,PT-MultiFeb-0057-20210210/230
PT-MultiFeb-0059,PT-MultiFeb-0059-20210210/231
PT-MultiFeb-0058,PT-MultiFeb-0058-20210210/232
PT-MultiFeb-0057,PT-MultiFeb-0057-20210210/233
PT-MultiFeb-0059,PT-MultiFeb-0059-20210210/234
PT-MultiFeb-0058,PT-MultiFeb-0058-20210210/235
PT-MultiFeb-0057,PT-MultiFeb-0057-20210210/236
PT-MultiFeb-0059,PT-MultiFeb-0059-20210210/237
PT-MultiFeb-0058,PT-MultiFeb-0058-20210210/238
PT-MultiFeb-0057,PT-MultiFeb-0057-20210210/239
PT-MultiFeb-0059,PT-MultiFeb-0059-20210210/240
PT-MultiFeb-0058,PT-MultiFeb-0058-20210210/241
PT-MultiFeb-0057,PT-MultiFeb-0057-20210210/242
PT-MultiFeb-0059,PT-MultiFeb-0059-20210210/243
PT-MultiFeb-0058,PT-MultiFeb-0058-20210210/244
PT-MultiFeb-0057,PT-MultiFeb-0057-20210210/245
PT-MultiFeb-0059,PT-MultiFeb-0059-20210210/246
PT-MultiFeb-0058,PT-MultiFeb-0058-20210210/247
PT-MultiFeb-0057,PT-MultiFeb-0057-20210210/248
PT-MultiFeb-0059,PT-MultiFeb-0059-20210210/249
PT-MultiFeb-0058,PT-MultiFeb-0058-20210210/250
PT-MultiFeb-0057,PT-MultiFeb-0057-20210210/251
PT-MultiFeb-0059,PT-MultiFeb-0059-20210210/252
PT-MultiFeb-0058,PT-MultiFeb-0058-20210210/253
PT-MultiFeb-0057,PT-MultiFeb-0057-20210210/254
PT-MultiFeb-0059,PT-MultiFeb-0059-20210210/255
PT-MultiFeb-0060,PT-MultiFeb-0060-20210210/256
PT-MultiFeb-0058,PT-MultiFeb-0058-20210210/257
PT-MultiFeb-0057,PT-MultiFeb-0057-20210210/258
PT-MultiFeb-0059,PT-MultiFeb-0059-20210210/259
PT-MultiFeb-0057,PT-MultiFeb-0057-20210210/262
PT-MultiFeb-0058,PT-MultiFeb-0058-20210210/261
PT-MultiFeb-0060,PT-MultiFeb-0060-20210210/260
PT-MultiFeb-0059,PT-MultiFeb-0059-20210210/263
PT-MultiFeb-0057,PT-MultiFeb-0057-20210210/264
PT-MultiFeb-0058,PT-MultiFeb-0058-20210210/265
PT-MultiFeb-0060,PT-MultiFeb-0060-20210210/266
PT-MultiFeb-0059,PT-MultiFeb-0059-20210210/267
PT-MultiFeb-0057,PT-MultiFeb-0057-20210210/268
PT-MultiFeb-0058,PT-MultiFeb-0058-20210210/269
PT-MultiFeb-0060,PT-MultiFeb-0060-20210210/270
PT-MultiFeb-0059,PT-MultiFeb-0059-20210210/271
PT-MultiFeb-0058,PT-MultiFeb-0058-20210210/273
PT-MultiFeb-0057,PT-MultiFeb-0057-20210210/272
PT-MultiFeb-0058,PT-MultiFeb-0058-20210210/276
PT-MultiFeb-0060,PT-MultiFeb-0060-20210210/274
PT-MultiFeb-0059,PT-MultiFeb-0059-20210210/275
PT-MultiFeb-0057,PT-MultiFeb-0057-20210210/277
PT-MultiFeb-0058,PT-MultiFeb-0058-20210210/278
PT-MultiFeb-0059,PT-MultiFeb-0059-20210210/280
PT-MultiFeb-0060,PT-MultiFeb-0060-20210210/279
PT-MultiFeb-0057,PT-MultiFeb-0057-20210210/281
PT-MultiFeb-0058,PT-MultiFeb-0058-20210210/282
PT-MultiFeb-0059,PT-MultiFeb-0059-20210210/283
PT-MultiFeb-0060,PT-MultiFeb-0060-20210210/284
PT-MultiFeb-0057,PT-MultiFeb-0057-20210210/285
PT-MultiFeb-0058,PT-MultiFeb-0058-20210210/286
PT-MultiFeb-0059,PT-MultiFeb-0059-20210210/287
PT-MultiFeb-0057,PT-MultiFeb-0057-20210210/289
PT-MultiFeb-0060,PT-MultiFeb-0060-20210210/288
PT-MultiFeb-0058,PT-MultiFeb-0058-20210210/290
PT-MultiFeb-0060,PT-MultiFeb-0060-20210210/291
PT-MultiFeb-0059,PT-MultiFeb-0059-20210210/293
PT-MultiFeb-0057,PT-MultiFeb-0057-20210210/292
PT-MultiFeb-0058,PT-MultiFeb-0058-20210210/294
PT-MultiFeb-0060,PT-MultiFeb-0060-20210210/295
PT-MultiFeb-0059,PT-MultiFeb-0059-20210210/296
PT-MultiFeb-0057,PT-MultiFeb-0057-20210210/297
PT-MultiFeb-0058,PT-MultiFeb-0058-20210210/298
PT-MultiFeb-0059,PT-MultiFeb-0059-20210210/299
PT-MultiFeb-0060,PT-MultiFeb-0060-20210210/300
PT-MultiFeb-0057,PT-MultiFeb-0057-20210210/301
PT-MultiFeb-0058,PT-MultiFeb-0058-20210210/302
PT-MultiFeb-0059,PT-MultiFeb-0059-20210210/303
PT-MultiFeb-0060,PT-MultiFeb-0060-20210210/304
PT-MultiFeb-0057,PT-MultiFeb-0057-20210210/305
PT-MultiFeb-0058,PT-MultiFeb-0058-20210210/306
PT-MultiFeb-0059,PT-MultiFeb-0059-20210210/307
PT-MultiFeb-0057,PT-MultiFeb-0057-20210210/308
PT-MultiFeb-0060,PT-MultiFeb-0060-20210210/309
PT-MultiFeb-0058,PT-MultiFeb-0058-20210210/310
PT-MultiFeb-0059,PT-MultiFeb-0059-20210210/311
PT-MultiFeb-0057,PT-MultiFeb-0057-20210210/312
PT-MultiFeb-0060,PT-MultiFeb-0060-20210210/313
PT-MultiFeb-0058,PT-MultiFeb-0058-20210210/314
PT-MultiFeb-0059,PT-MultiFeb-0059-20210210/315
PT-MultiFeb-0057,PT-MultiFeb-0057-20210210/316
PT-MultiFeb-0060,PT-MultiFeb-0060-20210210/318
PT-MultiFeb-0058,PT-MultiFeb-0058-20210210/317
PT-MultiFeb-0059,PT-MultiFeb-0059-20210210/319
PT-MultiFeb-0057,PT-MultiFeb-0057-20210210/320
PT-MultiFeb-0058,PT-MultiFeb-0058-20210210/322
PT-MultiFeb-0060,PT-MultiFeb-0060-20210210/321
PT-MultiFeb-0058,PT-MultiFeb-0058-20210210/325
PT-MultiFeb-0059,PT-MultiFeb-0059-20210210/323
PT-MultiFeb-0057,PT-MultiFeb-0057-20210210/324
PT-MultiFeb-0060,PT-MultiFeb-0060-20210210/326
PT-MultiFeb-0057,PT-MultiFeb-0057-20210210/328
PT-MultiFeb-0059,PT-MultiFeb-0059-20210210/329
PT-MultiFeb-0060,PT-MultiFeb-0060-20210210/330
PT-MultiFeb-0058,PT-MultiFeb-0058-20210210/327
PT-MultiFeb-0060,PT-MultiFeb-0060-20210210/333
PT-MultiFeb-0057,PT-MultiFeb-0057-20210210/331
PT-MultiFeb-0059,PT-MultiFeb-0059-20210210/332
PT-MultiFeb-0058,PT-MultiFeb-0058-20210210/334
PT-MultiFeb-0060,PT-MultiFeb-0060-20210210/335
PT-MultiFeb-0057,PT-MultiFeb-0057-20210210/336
PT-MultiFeb-0059,PT-MultiFeb-0059-20210210/337
PT-MultiFeb-0058,PT-MultiFeb-0058-20210210/338
PT-MultiFeb-0060,PT-MultiFeb-0060-20210210/339
PT-MultiFeb-0057,PT-MultiFeb-0057-20210210/340
PT-MultiFeb-0059,PT-MultiFeb-0059-20210210/341
PT-MultiFeb-0058,PT-MultiFeb-0058-20210210/342
PT-MultiFeb-0060,PT-MultiFeb-0060-20210210/343
PT-MultiFeb-0057,PT-MultiFeb-0057-20210210/344
PT-MultiFeb-0059,PT-MultiFeb-0059-20210210/345
PT-MultiFeb-0058,PT-MultiFeb-0058-20210210/346
PT-MultiFeb-0060,PT-MultiFeb-0060-20210210/347
PT-MultiFeb-0057,PT-MultiFeb-0057-20210210/348
PT-MultiFeb-0059,PT-MultiFeb-0059-20210210/349
PT-MultiFeb-0058,PT-MultiFeb-0058-20210210/350
PT-MultiFeb-0060,PT-MultiFeb-0060-20210210/351
PT-MultiFeb-0057,PT-MultiFeb-0057-20210210/352
PT-MultiFeb-0059,PT-MultiFeb-0059-20210210/353
PT-MultiFeb-0060,PT-MultiFeb-0060-20210210/355
PT-MultiFeb-0057,PT-MultiFeb-0057-20210210/356
PT-MultiFeb-0059,PT-MultiFeb-0059-20210210/357
PT-MultiFeb-0058,PT-MultiFeb-0058-20210210/354
PT-MultiFeb-0060,PT-MultiFeb-0060-20210210/358
PT-MultiFeb-0057,PT-MultiFeb-0057-20210210/359
PT-MultiFeb-0059,PT-MultiFeb-0059-20210210/360
PT-MultiFeb-0058,PT-MultiFeb-0058-20210210/361
PT-MultiFeb-0060,PT-MultiFeb-0060-20210210/362
PT-MultiFeb-0057,PT-MultiFeb-0057-20210210/363
PT-MultiFeb-0059,PT-MultiFeb-0059-20210210/364
PT-MultiFeb-0058,PT-MultiFeb-0058-20210210/365
PT-MultiFeb-0060,PT-MultiFeb-0060-20210210/366
PT-MultiFeb-0057,PT-MultiFeb-0057-20210210/367
PT-MultiFeb-0059,PT-MultiFeb-0059-20210210/368
PT-MultiFeb-0058,PT-MultiFeb-0058-20210210/369
PT-MultiFeb-0060,PT-MultiFeb-0060-20210210/370
PT-MultiFeb-0059,PT-MultiFeb-0059-20210210/372
PT-MultiFeb-0057,PT-MultiFeb-0057-20210210/371
PT-MultiFeb-0058,PT-MultiFeb-0058-20210210/373
PT-MultiFeb-0060,PT-MultiFeb-0060-20210210/374
PT-MultiFeb-0059,PT-MultiFeb-0059-20210210/375
PT-MultiFeb-0057,PT-MultiFeb-0057-20210210/376
PT-MultiFeb-0058,PT-MultiFeb-0058-20210210/377
PT-MultiFeb-0060,PT-MultiFeb-0060-20210210/378
PT-MultiFeb-0059,PT-MultiFeb-0059-20210210/379
PT-MultiFeb-0057,PT-MultiFeb-0057-20210210/380
PT-MultiFeb-0058,PT-MultiFeb-0058-20210210/381
PT-MultiFeb-0060,PT-MultiFeb-0060-20210210/382
PT-MultiFeb-0059,PT-MultiFeb-0059-20210210/383
PT-MultiFeb-0057,PT-MultiFeb-0057-20210210/384
PT-MultiFeb-0058,PT-MultiFeb-0058-20210210/385
PT-MultiFeb-0060,PT-MultiFeb-0060-20210210/386
PT-MultiFeb-0059,PT-MultiFeb-0059-20210210/387
PT-MultiFeb-0057,PT-MultiFeb-0057-20210210/388
PT-MultiFeb-0058,PT-MultiFeb-0058-20210210/389
PT-MultiFeb-0060,PT-MultiFeb-0060-20210210/390
PT-MultiFeb-0059,PT-MultiFeb-0059-20210210/391
PT-MultiFeb-0057,PT-MultiFeb-0057-20210210/392
PT-MultiFeb-0058,PT-MultiFeb-0058-20210210/393
PT-MultiFeb-0059,PT-MultiFeb-0059-20210210/395
PT-MultiFeb-0060,PT-MultiFeb-0060-20210210/394
PT-MultiFeb-0057,PT-MultiFeb-0057-20210210/396
PT-MultiFeb-0058,PT-MultiFeb-0058-20210210/397
PT-MultiFeb-0059,PT-MultiFeb-0059-20210210/399
PT-MultiFeb-0060,PT-MultiFeb-0060-20210210/398
PT-MultiFeb-0057,PT-MultiFeb-0057-20210210/400
PT-MultiFeb-0058,PT-MultiFeb-0058-20210210/401
PT-MultiFeb-0059,PT-MultiFeb-0059-20210210/402
PT-MultiFeb-0060,PT-MultiFeb-0060-20210210/403
PT-MultiFeb-0057,PT-MultiFeb-0057-20210210/404
PT-MultiFeb-0059,PT-MultiFeb-0059-20210210/406
PT-MultiFeb-0060,PT-MultiFeb-0060-20210210/407
PT-MultiFeb-0058,PT-MultiFeb-0058-20210210/405
PT-MultiFeb-0057,PT-MultiFeb-0057-20210210/408
PT-MultiFeb-0059,PT-MultiFeb-0059-20210210/409
PT-MultiFeb-0060,PT-MultiFeb-0060-20210210/410
PT-MultiFeb-0058,PT-MultiFeb-0058-20210210/411
PT-MultiFeb-0057,PT-MultiFeb-0057-20210210/412
PT-MultiFeb-0060,PT-MultiFeb-0060-20210210/414
PT-MultiFeb-0059,PT-MultiFeb-0059-20210210/413
PT-MultiFeb-0058,PT-MultiFeb-0058-20210210/415
PT-MultiFeb-0057,PT-MultiFeb-0057-20210210/416
PT-MultiFeb-0060,PT-MultiFeb-0060-20210210/417
PT-MultiFeb-0058,PT-MultiFeb-0058-20210210/419
PT-MultiFeb-0059,PT-MultiFeb-0059-20210210/418
PT-MultiFeb-0057,PT-MultiFeb-0057-20210210/420
PT-MultiFeb-0058,PT-MultiFeb-0058-20210210/422
PT-MultiFeb-0059,PT-MultiFeb-0059-20210210/423
PT-MultiFeb-0057,PT-MultiFeb-0057-20210210/424
PT-MultiFeb-0060,PT-MultiFeb-0060-20210210/421
PT-MultiFeb-0058,PT-MultiFeb-0058-20210210/425
PT-MultiFeb-0059,PT-MultiFeb-0059-20210210/426
PT-MultiFeb-0057,PT-MultiFeb-0057-20210210/427
PT-MultiFeb-0060,PT-MultiFeb-0060-20210210/428
PT-MultiFeb-0059,PT-MultiFeb-0059-20210210/430
PT-MultiFeb-0058,PT-MultiFeb-0058-20210210/429
PT-MultiFeb-0060,PT-MultiFeb-0060-20210210/432
PT-MultiFeb-0057,PT-MultiFeb-0057-20210210/431
PT-MultiFeb-0058,PT-MultiFeb-0058-20210210/433
PT-MultiFeb-0057,PT-MultiFeb-0057-20210210/436
PT-MultiFeb-0059,PT-MultiFeb-0059-20210210/434
PT-MultiFeb-0060,PT-MultiFeb-0060-20210210/435
PT-MultiFeb-0058,PT-MultiFeb-0058-20210210/437
PT-MultiFeb-0057,PT-MultiFeb-0057-20210210/438
PT-MultiFeb-0059,PT-MultiFeb-0059-20210210/439
PT-MultiFeb-0060,PT-MultiFeb-0060-20210210/440
PT-MultiFeb-0061,PT-MultiFeb-0061-20210210/441
PT-MultiFeb-0058,PT-MultiFeb-0058-20210210/442
PT-MultiFeb-0057,PT-MultiFeb-0057-20210210/443
PT-MultiFeb-0059,PT-MultiFeb-0059-20210210/444
PT-MultiFeb-0060,PT-MultiFeb-0060-20210210/445
PT-MultiFeb-0058,PT-MultiFeb-0058-20210210/447
PT-MultiFeb-0061,PT-MultiFeb-0061-20210210/446
PT-MultiFeb-0057,PT-MultiFeb-0057-20210210/448
PT-MultiFeb-0059,PT-MultiFeb-0059-20210210/449
PT-MultiFeb-0060,PT-MultiFeb-0060-20210210/450
PT-MultiFeb-0058,PT-MultiFeb-0058-20210210/451
PT-MultiFeb-0059,PT-MultiFeb-0059-20210210/454
PT-MultiFeb-0057,PT-MultiFeb-0057-20210210/452
PT-MultiFeb-0061,PT-MultiFeb-0061-20210210/453
PT-MultiFeb-0060,PT-MultiFeb-0060-20210210/455
PT-MultiFeb-0058,PT-MultiFeb-0058-20210210/456
PT-MultiFeb-0059,PT-MultiFeb-0059-20210210/457
PT-MultiFeb-0057,PT-MultiFeb-0057-20210210/458
PT-MultiFeb-0061,PT-MultiFeb-0061-20210210/459
PT-MultiFeb-0060,PT-MultiFeb-0060-20210210/460
PT-MultiFeb-0058,PT-MultiFeb-0058-20210210/461
PT-MultiFeb-0059,PT-MultiFeb-0059-20210210/462
PT-MultiFeb-0057,PT-MultiFeb-0057-20210210/463
PT-MultiFeb-0061,PT-MultiFeb-0061-20210210/464
PT-MultiFeb-0060,PT-MultiFeb-0060-20210210/465
PT-MultiFeb-0059,PT-MultiFeb-0059-20210210/467
PT-MultiFeb-0058,PT-MultiFeb-0058-20210210/466
PT-MultiFeb-0057,PT-MultiFeb-0057-20210210/468
PT-MultiFeb-0061,PT-MultiFeb-0061-20210210/469
PT-MultiFeb-0059,PT-MultiFeb-0059-20210210/471
PT-MultiFeb-0060,PT-MultiFeb-0060-20210210/470
PT-MultiFeb-0058,PT-MultiFeb-0058-20210210/472
PT-MultiFeb-0057,PT-MultiFeb-0057-20210210/473
PT-MultiFeb-0061,PT-MultiFeb-0061-20210210/474
PT-MultiFeb-0060,PT-MultiFeb-0060-20210210/476
PT-MultiFeb-0059,PT-MultiFeb-0059-20210210/475
PT-MultiFeb-0057,PT-MultiFeb-0057-20210210/478
PT-MultiFeb-0061,PT-MultiFeb-0061-20210210/479
PT-MultiFeb-0059,PT-MultiFeb-0059-20210210/480
PT-MultiFeb-0060,PT-MultiFeb-0060-20210210/481
PT-MultiFeb-0058,PT-MultiFeb-0058-20210210/477
PT-MultiFeb-0057,PT-MultiFeb-0057-20210210/482
PT-MultiFeb-0059,PT-MultiFeb-0059-20210210/485
PT-MultiFeb-0060,PT-MultiFeb-0060-20210210/483
PT-MultiFeb-0061,PT-MultiFeb-0061-20210210/484
PT-MultiFeb-0057,PT-MultiFeb-0057-20210210/487
PT-MultiFeb-0058,PT-MultiFeb-0058-20210210/486
PT-MultiFeb-0059,PT-MultiFeb-0059-20210210/488
PT-MultiFeb-0058,PT-MultiFeb-0058-20210210/492
PT-MultiFeb-0060,PT-MultiFeb-0060-20210210/489
PT-MultiFeb-0057,PT-MultiFeb-0057-20210210/491
PT-MultiFeb-0061,PT-MultiFeb-0061-20210210/490
PT-MultiFeb-0059,PT-MultiFeb-0059-20210210/493
PT-MultiFeb-0058,PT-MultiFeb-0058-20210210/494
PT-MultiFeb-0060,PT-MultiFeb-0060-20210210/495
PT-MultiFeb-0057,PT-MultiFeb-0057-20210210/496
PT-MultiFeb-0061,PT-MultiFeb-0061-20210210/497
PT-MultiFeb-0059,PT-MultiFeb-0059-20210210/498
PT-MultiFeb-0060,PT-MultiFeb-0060-20210210/500
PT-MultiFeb-0058,PT-MultiFeb-0058-20210210/499
PT-MultiFeb-0057,PT-MultiFeb-0057-20210210/501
PT-MultiFeb-0061,PT-MultiFeb-0061-20210210/502
PT-MultiFeb-0059,PT-MultiFeb-0059-20210210/503
PT-MultiFeb-0058,PT-MultiFeb-0058-20210210/505
PT-MultiFeb-0060,PT-MultiFeb-0060-20210210/504
PT-MultiFeb-0057,PT-MultiFeb-0057-20210210/506
PT-MultiFeb-0061,PT-MultiFeb-0061-20210210/507
PT-MultiFeb-0059,PT-MultiFeb-0059-20210210/508
PT-MultiFeb-0058,PT-MultiFeb-0058-20210210/509
PT-MultiFeb-0057,PT-MultiFeb-0057-20210210/511
PT-MultiFeb-0061,PT-MultiFeb-0061-20210210/512
PT-MultiFeb-0059,PT-MultiFeb-0059-20210210/513
PT-MultiFeb-0060,PT-MultiFeb-0060-20210210/510
PT-MultiFeb-0059,PT-MultiFeb-0059-20210210/517
PT-MultiFeb-0061,PT-MultiFeb-0061-20210210/516
PT-MultiFeb-0057,PT-MultiFeb-0057-20210210/515
PT-MultiFeb-0058,PT-MultiFeb-0058-20210210/514
PT-MultiFeb-0060,PT-MultiFeb-0060-20210210/518
PT-MultiFeb-0059,PT-MultiFeb-0059-20210210/519
PT-MultiFeb-0061,PT-MultiFeb-0061-20210210/520
PT-MultiFeb-0057,PT-MultiFeb-0057-20210210/521
PT-MultiFeb-0058,PT-MultiFeb-0058-20210210/522
PT-MultiFeb-0060,PT-MultiFeb-0060-20210210/523
PT-MultiFeb-0061,PT-MultiFeb-0061-20210210/525
PT-MultiFeb-0059,PT-MultiFeb-0059-20210210/524
PT-MultiFeb-0057,PT-MultiFeb-0057-20210210/526
PT-MultiFeb-0058,PT-MultiFeb-0058-20210210/527
PT-MultiFeb-0060,PT-MultiFeb-0060-20210210/528
PT-MultiFeb-0061,PT-MultiFeb-0061-20210210/529
PT-MultiFeb-0059,PT-MultiFeb-0059-20210210/530
PT-MultiFeb-0057,PT-MultiFeb-0057-20210210/531
PT-MultiFeb-0058,PT-MultiFeb-0058-20210210/532
PT-MultiFeb-0060,PT-MultiFeb-0060-20210210/533
PT-MultiFeb-0061,PT-MultiFeb-0061-20210210/534
PT-MultiFeb-0059,PT-MultiFeb-0059-20210210/535
PT-MultiFeb-0057,PT-MultiFeb-0057-20210210/536
PT-MultiFeb-0058,PT-MultiFeb-0058-20210210/537
PT-MultiFeb-0061,PT-MultiFeb-0061-20210210/539
PT-MultiFeb-0060,PT-MultiFeb-0060-20210210/538
PT-MultiFeb-0059,PT-MultiFeb-0059-20210210/540
PT-MultiFeb-0057,PT-MultiFeb-0057-20210210/541
PT-MultiFeb-0058,PT-MultiFeb-0058-20210210/542
PT-MultiFeb-0061,PT-MultiFeb-0061-20210210/543
PT-MultiFeb-0057,PT-MultiFeb-0057-20210210/545
PT-MultiFeb-0060,PT-MultiFeb-0060-20210210/544
PT-MultiFeb-0059,PT-MultiFeb-0059-20210210/546
PT-MultiFeb-0057,PT-MultiFeb-0057-20210210/550
PT-MultiFeb-0058,PT-MultiFeb-0058-20210210/547
PT-MultiFeb-0060,PT-MultiFeb-0060-20210210/549
PT-MultiFeb-0061,PT-MultiFeb-0061-20210210/548
PT-MultiFeb-0059,PT-MultiFeb-0059-20210210/551
PT-MultiFeb-0061,PT-MultiFeb-0061-20210210/555
PT-MultiFeb-0059,PT-MultiFeb-0059-20210210/556
PT-MultiFeb-0060,PT-MultiFeb-0060-20210210/554
PT-MultiFeb-0058,PT-MultiFeb-0058-20210210/553
PT-MultiFeb-0057,PT-MultiFeb-0057-20210210/552
PT-MultiFeb-0061,PT-MultiFeb-0061-20210210/557
PT-MultiFeb-0057,PT-MultiFeb-0057-20210210/561
PT-MultiFeb-0060,PT-MultiFeb-0060-20210210/558
PT-MultiFeb-0059,PT-MultiFeb-0059-20210210/559
PT-MultiFeb-0058,PT-MultiFeb-0058-20210210/560
PT-MultiFeb-0061,PT-MultiFeb-0061-20210210/562
PT-MultiFeb-0059,PT-MultiFeb-0059-20210210/565
PT-MultiFeb-0058,PT-MultiFeb-0058-20210210/566
PT-MultiFeb-0060,PT-MultiFeb-0060-20210210/564
PT-MultiFeb-0057,PT-MultiFeb-0057-20210210/563
PT-MultiFeb-0059,PT-MultiFeb-0059-20210210/568
PT-MultiFeb-0061,PT-MultiFeb-0061-20210210/567
PT-MultiFeb-0058,PT-MultiFeb-0058-20210210/569
PT-MultiFeb-0060,PT-MultiFeb-0060-20210210/570
PT-MultiFeb-0057,PT-MultiFeb-0057-20210210/571
PT-MultiFeb-0059,PT-MultiFeb-0059-20210210/572
PT-MultiFeb-0061,PT-MultiFeb-0061-20210210/573
PT-MultiFeb-0058,PT-MultiFeb-0058-20210210/575
PT-MultiFeb-0057,PT-MultiFeb-0057-20210210/576
PT-MultiFeb-0060,PT-MultiFeb-0060-20210210/574
PT-MultiFeb-0059,PT-MultiFeb-0059-20210210/577
PT-MultiFeb-0061,PT-MultiFeb-0061-20210210/578
PT-MultiFeb-0058,PT-MultiFeb-0058-20210210/579
PT-MultiFeb-0060,PT-MultiFeb-0060-20210210/580
PT-MultiFeb-0059,PT-MultiFeb-0059-20210210/581
PT-MultiFeb-0061,PT-MultiFeb-0061-20210210/582
PT-MultiFeb-0058,PT-MultiFeb-0058-20210210/583
PT-MultiFeb-0060,PT-MultiFeb-0060-20210210/584
PT-MultiFeb-0061,PT-MultiFeb-0061-20210210/586
PT-MultiFeb-0058,PT-MultiFeb-0058-20210210/587
PT-MultiFeb-0059,PT-MultiFeb-0059-20210210/585
PT-MultiFeb-0060,PT-MultiFeb-0060-20210210/588
PT-MultiFeb-0061,PT-MultiFeb-0061-20210210/589
PT-MultiFeb-0058,PT-MultiFeb-0058-20210210/590
PT-MultiFeb-0059,PT-MultiFeb-0059-20210210/591
PT-MultiFeb-0060,PT-MultiFeb-0060-20210210/592
PT-MultiFeb-0058,PT-MultiFeb-0058-20210210/593
PT-MultiFeb-0061,PT-MultiFeb-0061-20210210/594
PT-MultiFeb-0059,PT-MultiFeb-0059-20210210/595
PT-MultiFeb-0060,PT-MultiFeb-0060-20210210/596
PT-MultiFeb-0058,PT-MultiFeb-0058-20210210/597
PT-MultiFeb-0061,PT-MultiFeb-0061-20210210/598
PT-MultiFeb-0059,PT-MultiFeb-0059-20210210/599
PT-MultiFeb-0060,PT-MultiFeb-0060-20210210/600
PT-MultiFeb-0058,PT-MultiFeb-0058-20210210/601
PT-MultiFeb-0061,PT-MultiFeb-0061-20210210/602
PT-MultiFeb-0059,PT-MultiFeb-0059-20210210/603
PT-MultiFeb-0060,PT-MultiFeb-0060-20210210/604
PT-MultiFeb-0061,PT-MultiFeb-0061-20210210/605
PT-MultiFeb-0058,PT-MultiFeb-0058-20210210/606
PT-MultiFeb-0059,PT-MultiFeb-0059-20210210/607
PT-MultiFeb-0060,PT-MultiFeb-0060-20210210/608
PT-MultiFeb-0061,PT-MultiFeb-0061-20210210/609
PT-MultiFeb-0058,PT-MultiFeb-0058-20210210/610
PT-MultiFeb-0059,PT-MultiFeb-0059-20210210/611
PT-MultiFeb-0060,PT-MultiFeb-0060-20210210/612
PT-MultiFeb-0061,PT-MultiFeb-0061-20210210/613
PT-MultiFeb-0058,PT-MultiFeb-0058-20210210/614
PT-MultiFeb-0059,PT-MultiFeb-0059-20210210/615
PT-MultiFeb-0060,PT-MultiFeb-0060-20210210/616
PT-MultiFeb-0061,PT-MultiFeb-0061-20210210/617
PT-MultiFeb-0058,PT-MultiFeb-0058-20210210/618
PT-MultiFeb-0059,PT-MultiFeb-0059-20210210/619
PT-MultiFeb-0060,PT-MultiFeb-0060-20210210/620
PT-MultiFeb-0061,PT-MultiFeb-0061-20210210/621
PT-MultiFeb-0058,PT-MultiFeb-0058-20210210/622
PT-MultiFeb-0059,PT-MultiFeb-0059-20210210/623
PT-MultiFeb-0060,PT-MultiFeb-0060-20210210/624
PT-MultiFeb-0061,PT-MultiFeb-0061-20210210/625
PT-MultiFeb-0058,PT-MultiFeb-0058-20210210/626
PT-MultiFeb-0060,PT-MultiFeb-0060-20210210/628
PT-MultiFeb-0059,PT-MultiFeb-0059-20210210/627
PT-MultiFeb-0061,PT-MultiFeb-0061-20210210/629
PT-MultiFeb-0058,PT-MultiFeb-0058-20210210/630
PT-MultiFeb-0060,PT-MultiFeb-0060-20210210/631
PT-MultiFeb-0061,PT-MultiFeb-0061-20210210/633
PT-MultiFeb-0058,PT-MultiFeb-0058-20210210/634
PT-MultiFeb-0059,PT-MultiFeb-0059-20210210/632
PT-MultiFeb-0060,PT-MultiFeb-0060-20210210/635
PT-MultiFeb-0061,PT-MultiFeb-0061-20210210/637
PT-MultiFeb-0058,PT-MultiFeb-0058-20210210/636
PT-MultiFeb-0059,PT-MultiFeb-0059-20210210/638
PT-MultiFeb-0061,PT-MultiFeb-0061-20210210/640
PT-MultiFeb-0060,PT-MultiFeb-0060-20210210/639
PT-MultiFeb-0059,PT-MultiFeb-0059-20210210/642
PT-MultiFeb-0058,PT-MultiFeb-0058-20210210/641
PT-MultiFeb-0061,PT-MultiFeb-0061-20210210/643
PT-MultiFeb-0060,PT-MultiFeb-0060-20210210/644
PT-MultiFeb-0062,PT-MultiFeb-0062-20210210/646
PT-MultiFeb-0059,PT-MultiFeb-0059-20210210/645
PT-MultiFeb-0061,PT-MultiFeb-0061-20210210/648
PT-MultiFeb-0058,PT-MultiFeb-0058-20210210/647
PT-MultiFeb-0062,PT-MultiFeb-0062-20210210/651
PT-MultiFeb-0059,PT-MultiFeb-0059-20210210/650
PT-MultiFeb-0060,PT-MultiFeb-0060-20210210/649
PT-MultiFeb-0061,PT-MultiFeb-0061-20210210/652
PT-MultiFeb-0058,PT-MultiFeb-0058-20210210/653
PT-MultiFeb-0060,PT-MultiFeb-0060-20210210/656
PT-MultiFeb-0059,PT-MultiFeb-0059-20210210/655
PT-MultiFeb-0062,PT-MultiFeb-0062-20210210/654
PT-MultiFeb-0061,PT-MultiFeb-0061-20210210/657
PT-MultiFeb-0058,PT-MultiFeb-0058-20210210/658
PT-MultiFeb-0060,PT-MultiFeb-0060-20210210/659
PT-MultiFeb-0059,PT-MultiFeb-0059-20210210/660
PT-MultiFeb-0062,PT-MultiFeb-0062-20210210/661
PT-MultiFeb-0061,PT-MultiFeb-0061-20210210/662
PT-MultiFeb-0058,PT-MultiFeb-0058-20210210/663
PT-MultiFeb-0060,PT-MultiFeb-0060-20210210/664
PT-MultiFeb-0062,PT-MultiFeb-0062-20210210/666
PT-MultiFeb-0059,PT-MultiFeb-0059-20210210/665
PT-MultiFeb-0061,PT-MultiFeb-0061-20210210/667
PT-MultiFeb-0058,PT-MultiFeb-0058-20210210/668
PT-MultiFeb-0060,PT-MultiFeb-0060-20210210/669
PT-MultiFeb-0062,PT-MultiFeb-0062-20210210/670
PT-MultiFeb-0059,PT-MultiFeb-0059-20210210/671
PT-MultiFeb-0061,PT-MultiFeb-0061-20210210/672
PT-MultiFeb-0058,PT-MultiFeb-0058-20210210/673
PT-MultiFeb-0062,PT-MultiFeb-0062-20210210/675
PT-MultiFeb-0059,PT-MultiFeb-0059-20210210/676
PT-MultiFeb-0060,PT-MultiFeb-0060-20210210/674
PT-MultiFeb-0061,PT-MultiFeb-0061-20210210/677
PT-MultiFeb-0058,PT-MultiFeb-0058-20210210/678
PT-MultiFeb-0059,PT-MultiFeb-0059-20210210/680
PT-MultiFeb-0062,PT-MultiFeb-0062-20210210/679
PT-MultiFeb-0060,PT-MultiFeb-0060-20210210/681
PT-MultiFeb-0061,PT-MultiFeb-0061-20210210/682
PT-MultiFeb-0061,PT-MultiFeb-0061-20210210/687
PT-MultiFeb-0062,PT-MultiFeb-0062-20210210/685
PT-MultiFeb-0058,PT-MultiFeb-0058-20210210/683
PT-MultiFeb-0059,PT-MultiFeb-0059-20210210/684
PT-MultiFeb-0060,PT-MultiFeb-0060-20210210/686
PT-MultiFeb-0062,PT-MultiFeb-0062-20210210/688
PT-MultiFeb-0061,PT-MultiFeb-0061-20210210/690
PT-MultiFeb-0058,PT-MultiFeb-0058-20210210/689
PT-MultiFeb-0060,PT-MultiFeb-0060-20210210/692
PT-MultiFeb-0059,PT-MultiFeb-0059-20210210/691
PT-MultiFeb-0062,PT-MultiFeb-0062-20210210/693
PT-MultiFeb-0061,PT-MultiFeb-0061-20210210/694
PT-MultiFeb-0058,PT-MultiFeb-0058-20210210/695
PT-MultiFeb-0060,PT-MultiFeb-0060-20210210/696
PT-MultiFeb-0059,PT-MultiFeb-0059-20210210/697
PT-MultiFeb-0061,PT-MultiFeb-0061-20210210/698
PT-MultiFeb-0062,PT-MultiFeb-0062-20210210/699
PT-MultiFeb-0058,PT-MultiFeb-0058-20210210/700
PT-MultiFeb-0060,PT-MultiFeb-0060-20210210/701
PT-MultiFeb-0059,PT-MultiFeb-0059-20210210/702
PT-MultiFeb-0062,PT-MultiFeb-0062-20210210/704
PT-MultiFeb-0060,PT-MultiFeb-0060-20210210/706
PT-MultiFeb-0061,PT-MultiFeb-0061-20210210/703
PT-MultiFeb-0058,PT-MultiFeb-0058-20210210/705
PT-MultiFeb-0059,PT-MultiFeb-0059-20210210/707
PT-MultiFeb-0062,PT-MultiFeb-0062-20210210/708
PT-MultiFeb-0060,PT-MultiFeb-0060-20210210/710
PT-MultiFeb-0058,PT-MultiFeb-0058-20210210/711
PT-MultiFeb-0061,PT-MultiFeb-0061-20210210/709
PT-MultiFeb-0062,PT-MultiFeb-0062-20210210/713
PT-MultiFeb-0059,PT-MultiFeb-0059-20210210/712
PT-MultiFeb-0060,PT-MultiFeb-0060-20210210/714
PT-MultiFeb-0058,PT-MultiFeb-0058-20210210/715
PT-MultiFeb-0062,PT-MultiFeb-0062-20210210/717
PT-MultiFeb-0061,PT-MultiFeb-0061-20210210/716
PT-MultiFeb-0059,PT-MultiFeb-0059-20210210/718
PT-MultiFeb-0058,PT-MultiFeb-0058-20210210/720
PT-MultiFeb-0062,PT-MultiFeb-0062-20210210/721
PT-MultiFeb-0061,PT-MultiFeb-0061-20210210/722
PT-MultiFeb-0060,PT-MultiFeb-0060-20210210/719
PT-MultiFeb-0059,PT-MultiFeb-0059-20210210/723
PT-MultiFeb-0058,PT-MultiFeb-0058-20210210/724
PT-MultiFeb-0061,PT-MultiFeb-0061-20210210/726
PT-MultiFeb-0062,PT-MultiFeb-0062-20210210/725
PT-MultiFeb-0060,PT-MultiFeb-0060-20210210/727
PT-MultiFeb-0059,PT-MultiFeb-0059-20210210/728
PT-MultiFeb-0061,PT-MultiFeb-0061-20210210/729
PT-MultiFeb-0058,PT-MultiFeb-0058-20210210/730
PT-MultiFeb-0059,PT-MultiFeb-0059-20210210/733
PT-MultiFeb-0062,PT-MultiFeb-0062-20210210/731
PT-MultiFeb-0060,PT-MultiFeb-0060-20210210/732
PT-MultiFeb-0061,PT-MultiFeb-0061-20210210/734
PT-MultiFeb-0058,PT-MultiFeb-0058-20210210/735
PT-MultiFeb-0059,PT-MultiFeb-0059-20210210/736
PT-MultiFeb-0062,PT-MultiFeb-0062-20210210/737
PT-MultiFeb-0060,PT-MultiFeb-0060-20210210/738
PT-MultiFeb-0058,PT-MultiFeb-0058-20210210/740
PT-MultiFeb-0061,PT-MultiFeb-0061-20210210/739
PT-MultiFeb-0059,PT-MultiFeb-0059-20210210/741
PT-MultiFeb-0062,PT-MultiFeb-0062-20210210/742
PT-MultiFeb-0060,PT-MultiFeb-0060-20210210/743
PT-MultiFeb-0058,PT-MultiFeb-0058-20210210/744
PT-MultiFeb-0061,PT-MultiFeb-0061-20210210/745
PT-MultiFeb-0059,PT-MultiFeb-0059-20210210/746
PT-MultiFeb-0058,PT-MultiFeb-0058-20210210/749
PT-MultiFeb-0061,PT-MultiFeb-0061-20210210/750
PT-MultiFeb-0060,PT-MultiFeb-0060-20210210/748
PT-MultiFeb-0059,PT-MultiFeb-0059-20210210/751
PT-MultiFeb-0062,PT-MultiFeb-0062-20210210/747
PT-MultiFeb-0058,PT-MultiFeb-0058-20210210/752
PT-MultiFeb-0061,PT-MultiFeb-0061-20210210/753
PT-MultiFeb-0059,PT-MultiFeb-0059-20210210/755
PT-MultiFeb-0060,PT-MultiFeb-0060-20210210/754
PT-MultiFeb-0062,PT-MultiFeb-0062-20210210/756
PT-MultiFeb-0058,PT-MultiFeb-0058-20210210/757
PT-MultiFeb-0061,PT-MultiFeb-0061-20210210/758
PT-MultiFeb-0060,PT-MultiFeb-0060-20210210/760
PT-MultiFeb-0059,PT-MultiFeb-0059-20210210/759
PT-MultiFeb-0061,PT-MultiFeb-0061-20210210/763
PT-MultiFeb-0058,PT-MultiFeb-0058-20210210/762
PT-MultiFeb-0060,PT-MultiFeb-0060-20210210/764
PT-MultiFeb-0062,PT-MultiFeb-0062-20210210/761
PT-MultiFeb-0059,PT-MultiFeb-0059-20210210/765
PT-MultiFeb-0061,PT-MultiFeb-0061-20210210/766
PT-MultiFeb-0060,PT-MultiFeb-0060-20210210/767
PT-MultiFeb-0062,PT-MultiFeb-0062-20210210/768
PT-MultiFeb-0059,PT-MultiFeb-0059-20210210/769
PT-MultiFeb-0061,PT-MultiFeb-0061-20210210/770
PT-MultiFeb-0060,PT-MultiFeb-0060-20210210/771
PT-MultiFeb-0059,PT-MultiFeb-0059-20210210/773
PT-MultiFeb-0062,PT-MultiFeb-0062-20210210/772
PT-MultiFeb-0061,PT-MultiFeb-0061-20210210/774
PT-MultiFeb-0060,PT-MultiFeb-0060-20210210/775
PT-MultiFeb-0059,PT-MultiFeb-0059-20210210/776
PT-MultiFeb-0062,PT-MultiFeb-0062-20210210/777
PT-MultiFeb-0061,PT-MultiFeb-0061-20210210/778
PT-MultiFeb-0060,PT-MultiFeb-0060-20210210/780
PT-MultiFeb-0059,PT-MultiFeb-0059-20210210/779
PT-MultiFeb-0061,PT-MultiFeb-0061-20210210/782
PT-MultiFeb-0062,PT-MultiFeb-0062-20210210/781
PT-MultiFeb-0060,PT-MultiFeb-0060-20210210/783
PT-MultiFeb-0059,PT-MultiFeb-0059-20210210/784
PT-MultiFeb-0061,PT-MultiFeb-0061-20210210/785
PT-MultiFeb-0062,PT-MultiFeb-0062-20210210/786
PT-MultiFeb-0060,PT-MultiFeb-0060-20210210/787
PT-MultiFeb-0059,PT-MultiFeb-0059-20210210/789
PT-MultiFeb-0062,PT-MultiFeb-0062-20210210/790
PT-MultiFeb-0061,PT-MultiFeb-0061-20210210/788
PT-MultiFeb-0060,PT-MultiFeb-0060-20210210/791
PT-MultiFeb-0059,PT-MultiFeb-0059-20210210/792
PT-MultiFeb-0062,PT-MultiFeb-0062-20210210/793
PT-MultiFeb-0061,PT-MultiFeb-0061-20210210/794
PT-MultiFeb-0060,PT-MultiFeb-0060-20210210/795
PT-MultiFeb-0061,PT-MultiFeb-0061-20210210/798
PT-MultiFeb-0062,PT-MultiFeb-0062-20210210/797
PT-MultiFeb-0060,PT-MultiFeb-0060-20210210/799
PT-MultiFeb-0059,PT-MultiFeb-0059-20210210/796
PT-MultiFeb-0061,PT-MultiFeb-0061-20210210/800
PT-MultiFeb-0062,PT-MultiFeb-0062-20210210/801
PT-MultiFeb-0060,PT-MultiFeb-0060-20210210/802
PT-MultiFeb-0059,PT-MultiFeb-0059-20210210/803
PT-MultiFeb-0061,PT-MultiFeb-0061-20210210/804
PT-MultiFeb-0062,PT-MultiFeb-0062-20210210/805
PT-MultiFeb-0060,PT-MultiFeb-0060-20210210/806
PT-MultiFeb-0059,PT-MultiFeb-0059-20210210/807
PT-MultiFeb-0061,PT-MultiFeb-0061-20210210/808
PT-MultiFeb-0062,PT-MultiFeb-0062-20210210/809
PT-MultiFeb-0060,PT-MultiFeb-0060-20210210/810
PT-MultiFeb-0059,PT-MultiFeb-0059-20210210/811
PT-MultiFeb-0061,PT-MultiFeb-0061-20210210/812
PT-MultiFeb-0062,PT-MultiFeb-0062-20210210/813
PT-MultiFeb-0060,PT-MultiFeb-0060-20210210/814
PT-MultiFeb-0061,PT-MultiFeb-0061-20210210/816
PT-MultiFeb-0059,PT-MultiFeb-0059-20210210/815
PT-MultiFeb-0061,PT-MultiFeb-0061-20210210/819
PT-MultiFeb-0060,PT-MultiFeb-0060-20210210/818
PT-MultiFeb-0062,PT-MultiFeb-0062-20210210/817
PT-MultiFeb-0063,PT-MultiFeb-0063-20210210/820
PT-MultiFeb-0061,PT-MultiFeb-0061-20210210/822
PT-MultiFeb-0059,PT-MultiFeb-0059-20210210/821
PT-MultiFeb-0062,PT-MultiFeb-0062-20210210/824
PT-MultiFeb-0060,PT-MultiFeb-0060-20210210/823
PT-MultiFeb-0063,PT-MultiFeb-0063-20210210/825
PT-MultiFeb-0059,PT-MultiFeb-0059-20210210/826
PT-MultiFeb-0061,PT-MultiFeb-0061-20210210/827
PT-MultiFeb-0062,PT-MultiFeb-0062-20210210/828
PT-MultiFeb-0060,PT-MultiFeb-0060-20210210/829
PT-MultiFeb-0061,PT-MultiFeb-0061-20210210/832
PT-MultiFeb-0063,PT-MultiFeb-0063-20210210/830
PT-MultiFeb-0059,PT-MultiFeb-0059-20210210/831
PT-MultiFeb-0062,PT-MultiFeb-0062-20210210/833
PT-MultiFeb-0060,PT-MultiFeb-0060-20210210/834
PT-MultiFeb-0061,PT-MultiFeb-0061-20210210/835
PT-MultiFeb-0059,PT-MultiFeb-0059-20210210/837
PT-MultiFeb-0063,PT-MultiFeb-0063-20210210/836
PT-MultiFeb-0060,PT-MultiFeb-0060-20210210/838
PT-MultiFeb-0062,PT-MultiFeb-0062-20210210/839
PT-MultiFeb-0061,PT-MultiFeb-0061-20210210/840
PT-MultiFeb-0059,PT-MultiFeb-0059-20210210/841
PT-MultiFeb-0063,PT-MultiFeb-0063-20210210/842
PT-MultiFeb-0062,PT-MultiFeb-0062-20210210/844
PT-MultiFeb-0060,PT-MultiFeb-0060-20210210/843
PT-MultiFeb-0061,PT-MultiFeb-0061-20210210/845
PT-MultiFeb-0059,PT-MultiFeb-0059-20210210/846
PT-MultiFeb-0063,PT-MultiFeb-0063-20210210/847
PT-MultiFeb-0060,PT-MultiFeb-0060-20210210/849
PT-MultiFeb-0062,PT-MultiFeb-0062-20210210/848
PT-MultiFeb-0061,PT-MultiFeb-0061-20210210/850
PT-MultiFeb-0059,PT-MultiFeb-0059-20210210/851
PT-MultiFeb-0063,PT-MultiFeb-0063-20210210/852
PT-MultiFeb-0060,PT-MultiFeb-0060-20210210/853
PT-MultiFeb-0061,PT-MultiFeb-0061-20210210/855
PT-MultiFeb-0062,PT-MultiFeb-0062-20210210/854
PT-MultiFeb-0059,PT-MultiFeb-0059-20210210/856
PT-MultiFeb-0061,PT-MultiFeb-0061-20210210/859
PT-MultiFeb-0060,PT-MultiFeb-0060-20210210/858
PT-MultiFeb-0063,PT-MultiFeb-0063-20210210/857
PT-MultiFeb-0062,PT-MultiFeb-0062-20210210/860
PT-MultiFeb-0059,PT-MultiFeb-0059-20210210/861
PT-MultiFeb-0060,PT-MultiFeb-0060-20210210/862
PT-MultiFeb-0061,PT-MultiFeb-0061-20210210/863
PT-MultiFeb-0062,PT-MultiFeb-0062-20210210/865
PT-MultiFeb-0063,PT-MultiFeb-0063-20210210/864
PT-MultiFeb-0059,PT-MultiFeb-0059-20210210/866
PT-MultiFeb-0060,PT-MultiFeb-0060-20210210/867
PT-MultiFeb-0062,PT-MultiFeb-0062-20210210/868
PT-MultiFeb-0061,PT-MultiFeb-0061-20210210/869
PT-MultiFeb-0063,PT-MultiFeb-0063-20210210/870
PT-MultiFeb-0059,PT-MultiFeb-0059-20210210/871
PT-MultiFeb-0060,PT-MultiFeb-0060-20210210/872
PT-MultiFeb-0062,PT-MultiFeb-0062-20210210/874
PT-MultiFeb-0061,PT-MultiFeb-0061-20210210/873
PT-MultiFeb-0063,PT-MultiFeb-0063-20210210/875
PT-MultiFeb-0059,PT-MultiFeb-0059-20210210/876
PT-MultiFeb-0062,PT-MultiFeb-0062-20210210/878
PT-MultiFeb-0060,PT-MultiFeb-0060-20210210/877
PT-MultiFeb-0061,PT-MultiFeb-0061-20210210/879
PT-MultiFeb-0063,PT-MultiFeb-0063-20210210/880
PT-MultiFeb-0059,PT-MultiFeb-0059-20210210/881
PT-MultiFeb-0061,PT-MultiFeb-0061-20210210/884
PT-MultiFeb-0060,PT-MultiFeb-0060-20210210/883
PT-MultiFeb-0062,PT-MultiFeb-0062-20210210/882
PT-MultiFeb-0063,PT-MultiFeb-0063-20210210/885
PT-MultiFeb-0059,PT-MultiFeb-0059-20210210/886
PT-MultiFeb-0061,PT-MultiFeb-0061-20210210/887
PT-MultiFeb-0063,PT-MultiFeb-0063-20210210/890
PT-MultiFeb-0060,PT-MultiFeb-0060-20210210/888
PT-MultiFeb-0062,PT-MultiFeb-0062-20210210/889
PT-MultiFeb-0059,PT-MultiFeb-0059-20210210/891
PT-MultiFeb-0063,PT-MultiFeb-0063-20210210/893
PT-MultiFeb-0061,PT-MultiFeb-0061-20210210/892
PT-MultiFeb-0060,PT-MultiFeb-0060-20210210/894
PT-MultiFeb-0062,PT-MultiFeb-0062-20210210/895
PT-MultiFeb-0060,PT-MultiFeb-0060-20210210/899
PT-MultiFeb-0061,PT-MultiFeb-0061-20210210/898
PT-MultiFeb-0059,PT-MultiFeb-0059-20210210/896
PT-MultiFeb-0063,PT-MultiFeb-0063-20210210/897
PT-MultiFeb-0062,PT-MultiFeb-0062-20210210/900
PT-MultiFeb-0060,PT-MultiFeb-0060-20210210/901
PT-MultiFeb-0061,PT-MultiFeb-0061-20210210/902
PT-MultiFeb-0059,PT-MultiFeb-0059-20210210/903
PT-MultiFeb-0063,PT-MultiFeb-0063-20210210/904
PT-MultiFeb-0062,PT-MultiFeb-0062-20210210/905
PT-MultiFeb-0060,PT-MultiFeb-0060-20210210/906
PT-MultiFeb-0063,PT-MultiFeb-0063-20210210/909
PT-MultiFeb-0061,PT-MultiFeb-0061-20210210/907
PT-MultiFeb-0059,PT-MultiFeb-0059-20210210/908
PT-MultiFeb-0062,PT-MultiFeb-0062-20210210/910
PT-MultiFeb-0060,PT-MultiFeb-0060-20210210/911
PT-MultiFeb-0063,PT-MultiFeb-0063-20210210/912
PT-MultiFeb-0061,PT-MultiFeb-0061-20210210/913
PT-MultiFeb-0060,PT-MultiFeb-0060-20210210/915
PT-MultiFeb-0062,PT-MultiFeb-0062-20210210/916
PT-MultiFeb-0059,PT-MultiFeb-0059-20210210/914
PT-MultiFeb-0063,PT-MultiFeb-0063-20210210/917
PT-MultiFeb-0061,PT-MultiFeb-0061-20210210/918
PT-MultiFeb-0060,PT-MultiFeb-0060-20210210/919
PT-MultiFeb-0062,PT-MultiFeb-0062-20210210/920
PT-MultiFeb-0063,PT-MultiFeb-0063-20210210/922
PT-MultiFeb-0061,PT-MultiFeb-0061-20210210/923
PT-MultiFeb-0059,PT-MultiFeb-0059-20210210/921
PT-MultiFeb-0060,PT-MultiFeb-0060-20210210/924
PT-MultiFeb-0062,PT-MultiFeb-0062-20210210/925
PT-MultiFeb-0061,PT-MultiFeb-0061-20210210/927
PT-MultiFeb-0063,PT-MultiFeb-0063-20210210/926
PT-MultiFeb-0059,PT-MultiFeb-0059-20210210/928
PT-MultiFeb-0060,PT-MultiFeb-0060-20210210/929
PT-MultiFeb-0062,PT-MultiFeb-0062-20210210/930
PT-MultiFeb-0063,PT-MultiFeb-0063-20210210/931
PT-MultiFeb-0061,PT-MultiFeb-0061-20210210/932
PT-MultiFeb-0060,PT-MultiFeb-0060-20210210/934
PT-MultiFeb-0059,PT-MultiFeb-0059-20210210/933
PT-MultiFeb-0062,PT-MultiFeb-0062-20210210/935
PT-MultiFeb-0063,PT-MultiFeb-0063-20210210/936
PT-MultiFeb-0061,PT-MultiFeb-0061-20210210/937
PT-MultiFeb-0060,PT-MultiFeb-0060-20210210/938
PT-MultiFeb-0059,PT-MultiFeb-0059-20210210/939
PT-MultiFeb-0062,PT-MultiFeb-0062-20210210/940
PT-MultiFeb-0063,PT-MultiFeb-0063-20210210/941
PT-MultiFeb-0061,PT-MultiFeb-0061-20210210/942
PT-MultiFeb-0060,PT-MultiFeb-0060-20210210/943
PT-MultiFeb-0059,PT-MultiFeb-0059-20210210/944
PT-MultiFeb-0062,PT-MultiFeb-0062-20210210/945
PT-MultiFeb-0060,PT-MultiFeb-0060-20210210/948
PT-MultiFeb-0063,PT-MultiFeb-0063-20210210/946
PT-MultiFeb-0061,PT-MultiFeb-0061-20210210/947
PT-MultiFeb-0059,PT-MultiFeb-0059-20210210/949
PT-MultiFeb-0062,PT-MultiFeb-0062-20210210/950
PT-MultiFeb-0060,PT-MultiFeb-0060-20210210/951
PT-MultiFeb-0063,PT-MultiFeb-0063-20210210/952
PT-MultiFeb-0061,PT-MultiFeb-0061-20210210/953
PT-MultiFeb-0059,PT-MultiFeb-0059-20210210/954
PT-MultiFeb-0062,PT-MultiFeb-0062-20210210/955
PT-MultiFeb-0060,PT-MultiFeb-0060-20210210/956
PT-MultiFeb-0063,PT-MultiFeb-0063-20210210/957
PT-MultiFeb-0061,PT-MultiFeb-0061-20210210/958
PT-MultiFeb-0059,PT-MultiFeb-0059-20210210/959
PT-MultiFeb-0062,PT-MultiFeb-0062-20210210/960
PT-MultiFeb-0060,PT-MultiFeb-0060-20210210/961
PT-MultiFeb-0063,PT-MultiFeb-0063-20210210/962
PT-MultiFeb-0061,PT-MultiFeb-0061-20210210/963
PT-MultiFeb-0059,PT-MultiFeb-0059-20210210/964
PT-MultiFeb-0062,PT-MultiFeb-0062-20210210/965
PT-MultiFeb-0060,PT-MultiFeb-0060-20210210/966
PT-MultiFeb-0061,PT-MultiFeb-0061-20210210/968
PT-MultiFeb-0062,PT-MultiFeb-0062-20210210/970
PT-MultiFeb-0059,PT-MultiFeb-0059-20210210/969
PT-MultiFeb-0063,PT-MultiFeb-0063-20210210/967
PT-MultiFeb-0060,PT-MultiFeb-0060-20210210/971
PT-MultiFeb-0061,PT-MultiFeb-0061-20210210/972
PT-MultiFeb-0062,PT-MultiFeb-0062-20210210/973
PT-MultiFeb-0060,PT-MultiFeb-0060-20210210/975
PT-MultiFeb-0061,PT-MultiFeb-0061-20210210/976
PT-MultiFeb-0063,PT-MultiFeb-0063-20210210/974
PT-MultiFeb-0061,PT-MultiFeb-0061-20210210/979
PT-MultiFeb-0062,PT-MultiFeb-0062-20210210/977
PT-MultiFeb-0060,PT-MultiFeb-0060-20210210/978
PT-MultiFeb-0063,PT-MultiFeb-0063-20210210/980
PT-MultiFeb-0061,PT-MultiFeb-0061-20210210/981
PT-MultiFeb-0060,PT-MultiFeb-0060-20210210/983
PT-MultiFeb-0063,PT-MultiFeb-0063-20210210/984
PT-MultiFeb-0062,PT-MultiFeb-0062-20210210/982
PT-MultiFeb-0061,PT-MultiFeb-0061-20210210/985
PT-MultiFeb-0060,PT-MultiFeb-0060-20210210/986
PT-MultiFeb-0063,PT-MultiFeb-0063-20210210/987
PT-MultiFeb-0062,PT-MultiFeb-0062-20210210/988
PT-MultiFeb-0061,PT-MultiFeb-0061-20210210/989
PT-MultiFeb-0060,PT-MultiFeb-0060-20210210/990
PT-MultiFeb-0062,PT-MultiFeb-0062-20210210/992
PT-MultiFeb-0063,PT-MultiFeb-0063-20210210/991
PT-MultiFeb-0061,PT-MultiFeb-0061-20210210/993
PT-MultiFeb-0060,PT-MultiFeb-0060-20210210/994
PT-MultiFeb-0062,PT-MultiFeb-0062-20210210/995
PT-MultiFeb-0061,PT-MultiFeb-0061-20210210/997
PT-MultiFeb-0060,PT-MultiFeb-0060-20210210/998
PT-MultiFeb-0063,PT-MultiFeb-0063-20210210/996
PT-MultiFeb-0062,PT-MultiFeb-0062-20210210/999
PT-MultiFeb-0061,PT-MultiFeb-0061-20210210/1000
PT-MultiFeb-0060,PT-MultiFeb-0060-20210210/1001
PT-MultiFeb-0063,PT-MultiFeb-0063-20210210/1002
PT-MultiFeb-0061,PT-MultiFeb-0061-20210210/1004
PT-MultiFeb-0063,PT-MultiFeb-0063-20210210/1006
PT-MultiFeb-0060,PT-MultiFeb-0060-20210210/1005
PT-MultiFeb-0062,PT-MultiFeb-0062-20210210/1003
PT-MultiFeb-0061,PT-MultiFeb-0061-20210210/1008
PT-MultiFeb-0063,PT-MultiFeb-0063-20210210/1007
PT-MultiFeb-0060,PT-MultiFeb-0060-20210210/1009
PT-MultiFeb-0061,PT-MultiFeb-0061-20210210/1011
PT-MultiFeb-0062,PT-MultiFeb-0062-20210210/1010
PT-MultiFeb-0064,PT-MultiFeb-0064-20210210/1013
PT-MultiFeb-0063,PT-MultiFeb-0063-20210210/1012
PT-MultiFeb-0060,PT-MultiFeb-0060-20210210/1014
PT-MultiFeb-0064,PT-MultiFeb-0064-20210210/1017
PT-MultiFeb-0061,PT-MultiFeb-0061-20210210/1015
PT-MultiFeb-0062,PT-MultiFeb-0062-20210210/1016
PT-MultiFeb-0063,PT-MultiFeb-0063-20210210/1018
PT-MultiFeb-0060,PT-MultiFeb-0060-20210210/1019
PT-MultiFeb-0061,PT-MultiFeb-0061-20210210/1020
PT-MultiFeb-0064,PT-MultiFeb-0064-20210210/1021
PT-MultiFeb-0063,PT-MultiFeb-0063-20210210/1023
PT-MultiFeb-0062,PT-MultiFeb-0062-20210210/1022
PT-MultiFeb-0060,PT-MultiFeb-0060-20210210/1024
PT-MultiFeb-0061,PT-MultiFeb-0061-20210210/1025
PT-MultiFeb-0064,PT-MultiFeb-0064-20210210/1028
PT-MultiFeb-0063,PT-MultiFeb-0063-20210210/1026
PT-MultiFeb-0062,PT-MultiFeb-0062-20210210/1027
PT-MultiFeb-0060,PT-MultiFeb-0060-20210210/1029
PT-MultiFeb-0061,PT-MultiFeb-0061-20210210/1030
PT-MultiFeb-0064,PT-MultiFeb-0064-20210210/1031
PT-MultiFeb-0062,PT-MultiFeb-0062-20210210/1032
PT-MultiFeb-0063,PT-MultiFeb-0063-20210210/1033
PT-MultiFeb-0064,PT-MultiFeb-0064-20210210/1036
PT-MultiFeb-0061,PT-MultiFeb-0061-20210210/1035
PT-MultiFeb-0060,PT-MultiFeb-0060-20210210/1034
PT-MultiFeb-0062,PT-MultiFeb-0062-20210210/1037
PT-MultiFeb-0063,PT-MultiFeb-0063-20210210/1038
PT-MultiFeb-0064,PT-MultiFeb-0064-20210210/1039
PT-MultiFeb-0061,PT-MultiFeb-0061-20210210/1040
PT-MultiFeb-0062,PT-MultiFeb-0062-20210210/1042
PT-MultiFeb-0063,PT-MultiFeb-0063-20210210/1043
PT-MultiFeb-0060,PT-MultiFeb-0060-20210210/1041
PT-MultiFeb-0061,PT-MultiFeb-0061-20210210/1045
PT-MultiFeb-0064,PT-MultiFeb-0064-20210210/1044
PT-MultiFeb-0062,PT-MultiFeb-0062-20210210/1046
PT-MultiFeb-0063,PT-MultiFeb-0063-20210210/1047
PT-MultiFeb-0060,PT-MultiFeb-0060-20210210/1048
PT-MultiFeb-0061,PT-MultiFeb-0061-20210210/1049
PT-MultiFeb-0064,PT-MultiFeb-0064-20210210/1050
PT-MultiFeb-0062,PT-MultiFeb-0062-20210210/1052
PT-MultiFeb-0063,PT-MultiFeb-0063-20210210/1051
PT-MultiFeb-0064,PT-MultiFeb-0064-20210210/1055
PT-MultiFeb-0060,PT-MultiFeb-0060-20210210/1053
PT-MultiFeb-0061,PT-MultiFeb-0061-20210210/1054
PT-MultiFeb-0063,PT-MultiFeb-0063-20210210/1057
PT-MultiFeb-0062,PT-MultiFeb-0062-20210210/1056
PT-MultiFeb-0064,PT-MultiFeb-0064-20210210/1059
PT-MultiFeb-0060,PT-MultiFeb-0060-20210210/1058
PT-MultiFeb-0061,PT-MultiFeb-0061-20210210/1060
PT-MultiFeb-0063,PT-MultiFeb-0063-20210210/1061
PT-MultiFeb-0062,PT-MultiFeb-0062-20210210/1062
PT-MultiFeb-0064,PT-MultiFeb-0064-20210210/1063
PT-MultiFeb-0060,PT-MultiFeb-0060-20210210/1064
PT-MultiFeb-0061,PT-MultiFeb-0061-20210210/1065
PT-MultiFeb-0063,PT-MultiFeb-0063-20210210/1066
PT-MultiFeb-0062,PT-MultiFeb-0062-20210210/1067
PT-MultiFeb-0064,PT-MultiFeb-0064-20210210/1068
PT-MultiFeb-0060,PT-MultiFeb-0060-20210210/1069
PT-MultiFeb-0061,PT-MultiFeb-0061-20210210/1070
PT-MultiFeb-0063,PT-MultiFeb-0063-20210210/1071
PT-MultiFeb-0062,PT-MultiFeb-0062-20210210/1072
PT-MultiFeb-0064,PT-MultiFeb-0064-20210210/1073
PT-MultiFeb-0060,PT-MultiFeb-0060-20210210/1074
PT-MultiFeb-0061,PT-MultiFeb-0061-20210210/1075
PT-MultiFeb-0062,PT-MultiFeb-0062-20210210/1077
PT-MultiFeb-0063,PT-MultiFeb-0063-20210210/1076
PT-MultiFeb-0064,PT-MultiFeb-0064-20210210/1078
PT-MultiFeb-0060,PT-MultiFeb-0060-20210210/1079
PT-MultiFeb-0061,PT-MultiFeb-0061-20210210/1080
PT-MultiFeb-0062,PT-MultiFeb-0062-20210210/1081
PT-MultiFeb-0063,PT-MultiFeb-0063-20210210/1082
PT-MultiFeb-0064,PT-MultiFeb-0064-20210210/1083
PT-MultiFeb-0060,PT-MultiFeb-0060-20210210/1084
PT-MultiFeb-0061,PT-MultiFeb-0061-20210210/1085
PT-MultiFeb-0062,PT-MultiFeb-0062-20210210/1086
PT-MultiFeb-0064,PT-MultiFeb-0064-20210210/1088
PT-MultiFeb-0063,PT-MultiFeb-0063-20210210/1087
PT-MultiFeb-0061,PT-MultiFeb-0061-20210210/1090
PT-MultiFeb-0060,PT-MultiFeb-0060-20210210/1089
PT-MultiFeb-0062,PT-MultiFeb-0062-20210210/1091
PT-MultiFeb-0064,PT-MultiFeb-0064-20210210/1093
PT-MultiFeb-0061,PT-MultiFeb-0061-20210210/1094
PT-MultiFeb-0063,PT-MultiFeb-0063-20210210/1092
PT-MultiFeb-0060,PT-MultiFeb-0060-20210210/1095
PT-MultiFeb-0062,PT-MultiFeb-0062-20210210/1096
PT-MultiFeb-0064,PT-MultiFeb-0064-20210210/1097
PT-MultiFeb-0061,PT-MultiFeb-0061-20210210/1098
PT-MultiFeb-0063,PT-MultiFeb-0063-20210210/1099
PT-MultiFeb-0060,PT-MultiFeb-0060-20210210/1100
PT-MultiFeb-0062,PT-MultiFeb-0062-20210210/1101
PT-MultiFeb-0064,PT-MultiFeb-0064-20210210/1102
PT-MultiFeb-0061,PT-MultiFeb-0061-20210210/1103
PT-MultiFeb-0060,PT-MultiFeb-0060-20210210/1105
PT-MultiFeb-0062,PT-MultiFeb-0062-20210210/1106
PT-MultiFeb-0063,PT-MultiFeb-0063-20210210/1104
PT-MultiFeb-0064,PT-MultiFeb-0064-20210210/1107
PT-MultiFeb-0061,PT-MultiFeb-0061-20210210/1108
PT-MultiFeb-0060,PT-MultiFeb-0060-20210210/1109
PT-MultiFeb-0062,PT-MultiFeb-0062-20210210/1110
PT-MultiFeb-0064,PT-MultiFeb-0064-20210210/1112
PT-MultiFeb-0061,PT-MultiFeb-0061-20210210/1113
PT-MultiFeb-0063,PT-MultiFeb-0063-20210210/1111
PT-MultiFeb-0060,PT-MultiFeb-0060-20210210/1114
PT-MultiFeb-0062,PT-MultiFeb-0062-20210210/1115
PT-MultiFeb-0064,PT-MultiFeb-0064-20210210/1116
PT-MultiFeb-0061,PT-MultiFeb-0061-20210210/1117
PT-MultiFeb-0063,PT-MultiFeb-0063-20210210/1118
PT-MultiFeb-0060,PT-MultiFeb-0060-20210210/1119
PT-MultiFeb-0062,PT-MultiFeb-0062-20210210/1120
PT-MultiFeb-0064,PT-MultiFeb-0064-20210210/1121
PT-MultiFeb-0061,PT-MultiFeb-0061-20210210/1122
PT-MultiFeb-0063,PT-MultiFeb-0063-20210210/1123
PT-MultiFeb-0060,PT-MultiFeb-0060-20210210/1124
PT-MultiFeb-0062,PT-MultiFeb-0062-20210210/1125
PT-MultiFeb-0064,PT-MultiFeb-0064-20210210/1126
PT-MultiFeb-0061,PT-MultiFeb-0061-20210210/1127
PT-MultiFeb-0063,PT-MultiFeb-0063-20210210/1128
PT-MultiFeb-0060,PT-MultiFeb-0060-20210210/1129
PT-MultiFeb-0062,PT-MultiFeb-0062-20210210/1130
PT-MultiFeb-0064,PT-MultiFeb-0064-20210210/1131
PT-MultiFeb-0061,PT-MultiFeb-0061-20210210/1132
PT-MultiFeb-0060,PT-MultiFeb-0060-20210210/1133
PT-MultiFeb-0062,PT-MultiFeb-0062-20210210/1135
PT-MultiFeb-0064,PT-MultiFeb-0064-20210210/1136
PT-MultiFeb-0063,PT-MultiFeb-0063-20210210/1134
PT-MultiFeb-0061,PT-MultiFeb-0061-20210210/1137
PT-MultiFeb-0060,PT-MultiFeb-0060-20210210/1138
PT-MultiFeb-0062,PT-MultiFeb-0062-20210210/1139
PT-MultiFeb-0064,PT-MultiFeb-0064-20210210/1140
PT-MultiFeb-0063,PT-MultiFeb-0063-20210210/1141
PT-MultiFeb-0061,PT-MultiFeb-0061-20210210/1142
PT-MultiFeb-0060,PT-MultiFeb-0060-20210210/1143
PT-MultiFeb-0064,PT-MultiFeb-0064-20210210/1145
PT-MultiFeb-0063,PT-MultiFeb-0063-20210210/1147
PT-MultiFeb-0061,PT-MultiFeb-0061-20210210/1146
PT-MultiFeb-0062,PT-MultiFeb-0062-20210210/1144
PT-MultiFeb-0060,PT-MultiFeb-0060-20210210/1148
PT-MultiFeb-0063,PT-MultiFeb-0063-20210210/1151
PT-MultiFeb-0061,PT-MultiFeb-0061-20210210/1150
PT-MultiFeb-0060,PT-MultiFeb-0060-20210210/1153
PT-MultiFeb-0064,PT-MultiFeb-0064-20210210/1149
PT-MultiFeb-0063,PT-MultiFeb-0063-20210210/1154
PT-MultiFeb-0062,PT-MultiFeb-0062-20210210/1152
PT-MultiFeb-0061,PT-MultiFeb-0061-20210210/1155
PT-MultiFeb-0060,PT-MultiFeb-0060-20210210/1156
PT-MultiFeb-0064,PT-MultiFeb-0064-20210210/1157
PT-MultiFeb-0063,PT-MultiFeb-0063-20210210/1158
PT-MultiFeb-0061,PT-MultiFeb-0061-20210210/1160
PT-MultiFeb-0062,PT-MultiFeb-0062-20210210/1159
PT-MultiFeb-0060,PT-MultiFeb-0060-20210210/1161
PT-MultiFeb-0064,PT-MultiFeb-0064-20210210/1162
PT-MultiFeb-0063,PT-MultiFeb-0063-20210210/1163
PT-MultiFeb-0061,PT-MultiFeb-0061-20210210/1164
PT-MultiFeb-0062,PT-MultiFeb-0062-20210210/1165
PT-MultiFeb-0060,PT-MultiFeb-0060-20210210/1166
PT-MultiFeb-0063,PT-MultiFeb-0063-20210210/1168
PT-MultiFeb-0064,PT-MultiFeb-0064-20210210/1167
PT-MultiFeb-0061,PT-MultiFeb-0061-20210210/1169
PT-MultiFeb-0062,PT-MultiFeb-0062-20210210/1170
PT-MultiFeb-0060,PT-MultiFeb-0060-20210210/1171
PT-MultiFeb-0064,PT-MultiFeb-0064-20210210/1172
PT-MultiFeb-0061,PT-MultiFeb-0061-20210210/1174
PT-MultiFeb-0063,PT-MultiFeb-0063-20210210/1173
PT-MultiFeb-0062,PT-MultiFeb-0062-20210210/1175
PT-MultiFeb-0064,PT-MultiFeb-0064-20210210/1176
PT-MultiFeb-0061,PT-MultiFeb-0061-20210210/1177
PT-MultiFeb-0063,PT-MultiFeb-0063-20210210/1178
PT-MultiFeb-0062,PT-MultiFeb-0062-20210210/1179
PT-MultiFeb-0061,PT-MultiFeb-0061-20210210/1181
PT-MultiFeb-0064,PT-MultiFeb-0064-20210210/1180
PT-MultiFeb-0063,PT-MultiFeb-0063-20210210/1182
PT-MultiFeb-0062,PT-MultiFeb-0062-20210210/1183
PT-MultiFeb-0061,PT-MultiFeb-0061-20210210/1184
PT-MultiFeb-0064,PT-MultiFeb-0064-20210210/1185
PT-MultiFeb-0063,PT-MultiFeb-0063-20210210/1186
PT-MultiFeb-0062,PT-MultiFeb-0062-20210210/1187
PT-MultiFeb-0061,PT-MultiFeb-0061-20210210/1188
PT-MultiFeb-0064,PT-MultiFeb-0064-20210210/1189
PT-MultiFeb-0063,PT-MultiFeb-0063-20210210/1190
PT-MultiFeb-0062,PT-MultiFeb-0062-20210210/1191
PT-MultiFeb-0061,PT-MultiFeb-0061-20210210/1192
PT-MultiFeb-0064,PT-MultiFeb-0064-20210210/1193
PT-MultiFeb-0063,PT-MultiFeb-0063-20210210/1194
PT-MultiFeb-0062,PT-MultiFeb-0062-20210210/1195
PT-MultiFeb-0064,PT-MultiFeb-0064-20210210/1197
PT-MultiFeb-0061,PT-MultiFeb-0061-20210210/1196
PT-MultiFeb-0063,PT-MultiFeb-0063-20210210/1198
PT-MultiFeb-0062,PT-MultiFeb-0062-20210210/1199
PT-MultiFeb-0064,PT-MultiFeb-0064-20210210/1200
PT-MultiFeb-0063,PT-MultiFeb-0063-20210210/1202
PT-MultiFeb-0061,PT-MultiFeb-0061-20210210/1201
PT-MultiFeb-0062,PT-MultiFeb-0062-20210210/1203
PT-MultiFeb-0063,PT-MultiFeb-0063-20210210/1205
PT-MultiFeb-0064,PT-MultiFeb-0064-20210210/1204
PT-MultiFeb-0062,PT-MultiFeb-0062-20210210/1207
PT-MultiFeb-0061,PT-MultiFeb-0061-20210210/1206
PT-MultiFeb-0063,PT-MultiFeb-0063-20210210/1208
PT-MultiFeb-0064,PT-MultiFeb-0064-20210210/1209
PT-MultiFeb-0061,PT-MultiFeb-0061-20210210/1211
PT-MultiFeb-0062,PT-MultiFeb-0062-20210210/1210
PT-MultiFeb-0063,PT-MultiFeb-0063-20210210/1212
PT-MultiFeb-0064,PT-MultiFeb-0064-20210210/1213
PT-MultiFeb-0061,PT-MultiFeb-0061-20210210/1214
PT-MultiFeb-0062,PT-MultiFeb-0062-20210210/1215
PT-MultiFeb-0064,PT-MultiFeb-0064-20210210/1217
PT-MultiFeb-0063,PT-MultiFeb-0063-20210210/1216
PT-MultiFeb-0061,PT-MultiFeb-0061-20210210/1218
PT-MultiFeb-0062,PT-MultiFeb-0062-20210210/1219
PT-MultiFeb-0064,PT-MultiFeb-0064-20210210/1220
PT-MultiFeb-0063,PT-MultiFeb-0063-20210210/1221
PT-MultiFeb-0061,PT-MultiFeb-0061-20210210/1222
PT-MultiFeb-0065,PT-MultiFeb-0065-20210210/1223
PT-MultiFeb-0062,PT-MultiFeb-0062-20210210/1224
PT-MultiFeb-0063,PT-MultiFeb-0063-20210210/1226
PT-MultiFeb-0064,PT-MultiFeb-0064-20210210/1225
PT-MultiFeb-0061,PT-MultiFeb-0061-20210210/1227
PT-MultiFeb-0062,PT-MultiFeb-0062-20210210/1228
PT-MultiFeb-0065,PT-MultiFeb-0065-20210210/1229
PT-MultiFeb-0063,PT-MultiFeb-0063-20210210/1230
PT-MultiFeb-0064,PT-MultiFeb-0064-20210210/1231
PT-MultiFeb-0061,PT-MultiFeb-0061-20210210/1232
PT-MultiFeb-0062,PT-MultiFeb-0062-20210210/1233
PT-MultiFeb-0063,PT-MultiFeb-0063-20210210/1235
PT-MultiFeb-0065,PT-MultiFeb-0065-20210210/1234
PT-MultiFeb-0064,PT-MultiFeb-0064-20210210/1236
PT-MultiFeb-0065,PT-MultiFeb-0065-20210210/1240
PT-MultiFeb-0061,PT-MultiFeb-0061-20210210/1237
PT-MultiFeb-0062,PT-MultiFeb-0062-20210210/1238
PT-MultiFeb-0063,PT-MultiFeb-0063-20210210/1239
PT-MultiFeb-0064,PT-MultiFeb-0064-20210210/1241
PT-MultiFeb-0065,PT-MultiFeb-0065-20210210/1242
PT-MultiFeb-0062,PT-MultiFeb-0062-20210210/1244
PT-MultiFeb-0061,PT-MultiFeb-0061-20210210/1243
PT-MultiFeb-0063,PT-MultiFeb-0063-20210210/1245
PT-MultiFeb-0064,PT-MultiFeb-0064-20210210/1246
PT-MultiFeb-0065,PT-MultiFeb-0065-20210210/1247
PT-MultiFeb-0062,PT-MultiFeb-0062-20210210/1248
PT-MultiFeb-0063,PT-MultiFeb-0063-20210210/1250
PT-MultiFeb-0061,PT-MultiFeb-0061-20210210/1249
PT-MultiFeb-0064,PT-MultiFeb-0064-20210210/1251
PT-MultiFeb-0062,PT-MultiFeb-0062-20210210/1253
PT-MultiFeb-0065,PT-MultiFeb-0065-20210210/1252
PT-MultiFeb-0063,PT-MultiFeb-0063-20210210/1254
PT-MultiFeb-0061,PT-MultiFeb-0061-20210210/1255
PT-MultiFeb-0064,PT-MultiFeb-0064-20210210/1256
PT-MultiFeb-0062,PT-MultiFeb-0062-20210210/1257
PT-MultiFeb-0061,PT-MultiFeb-0061-20210210/1260
PT-MultiFeb-0065,PT-MultiFeb-0065-20210210/1258
PT-MultiFeb-0063,PT-MultiFeb-0063-20210210/1259
PT-MultiFeb-0064,PT-MultiFeb-0064-20210210/1261
PT-MultiFeb-0062,PT-MultiFeb-0062-20210210/1262
PT-MultiFeb-0065,PT-MultiFeb-0065-20210210/1263
PT-MultiFeb-0063,PT-MultiFeb-0063-20210210/1264
PT-MultiFeb-0061,PT-MultiFeb-0061-20210210/1265
PT-MultiFeb-0064,PT-MultiFeb-0064-20210210/1266
PT-MultiFeb-0062,PT-MultiFeb-0062-20210210/1267
PT-MultiFeb-0065,PT-MultiFeb-0065-20210210/1269
PT-MultiFeb-0063,PT-MultiFeb-0063-20210210/1268
PT-MultiFeb-0061,PT-MultiFeb-0061-20210210/1270
PT-MultiFeb-0064,PT-MultiFeb-0064-20210210/1271
PT-MultiFeb-0062,PT-MultiFeb-0062-20210210/1272
PT-MultiFeb-0065,PT-MultiFeb-0065-20210210/1273
PT-MultiFeb-0061,PT-MultiFeb-0061-20210210/1274
PT-MultiFeb-0063,PT-MultiFeb-0063-20210210/1275
PT-MultiFeb-0064,PT-MultiFeb-0064-20210210/1276
PT-MultiFeb-0062,PT-MultiFeb-0062-20210210/1277
PT-MultiFeb-0065,PT-MultiFeb-0065-20210210/1278
PT-MultiFeb-0061,PT-MultiFeb-0061-20210210/1279
PT-MultiFeb-0063,PT-MultiFeb-0063-20210210/1280
PT-MultiFeb-0064,PT-MultiFeb-0064-20210210/1281
PT-MultiFeb-0062,PT-MultiFeb-0062-20210210/1282
PT-MultiFeb-0061,PT-MultiFeb-0061-20210210/1284
PT-MultiFeb-0063,PT-MultiFeb-0063-20210210/1285
PT-MultiFeb-0065,PT-MultiFeb-0065-20210210/1283
PT-MultiFeb-0064,PT-MultiFeb-0064-20210210/1286
PT-MultiFeb-0061,PT-MultiFeb-0061-20210210/1288
PT-MultiFeb-0063,PT-MultiFeb-0063-20210210/1289
PT-MultiFeb-0062,PT-MultiFeb-0062-20210210/1287
PT-MultiFeb-0065,PT-MultiFeb-0065-20210210/1290
PT-MultiFeb-0064,PT-MultiFeb-0064-20210210/1291
PT-MultiFeb-0063,PT-MultiFeb-0063-20210210/1293
PT-MultiFeb-0061,PT-MultiFeb-0061-20210210/1292
PT-MultiFeb-0062,PT-MultiFeb-0062-20210210/1294
PT-MultiFeb-0065,PT-MultiFeb-0065-20210210/1295
PT-MultiFeb-0064,PT-MultiFeb-0064-20210210/1296
PT-MultiFeb-0063,PT-MultiFeb-0063-20210210/1298
PT-MultiFeb-0061,PT-MultiFeb-0061-20210210/1297
PT-MultiFeb-0062,PT-MultiFeb-0062-20210210/1299
PT-MultiFeb-0065,PT-MultiFeb-0065-20210210/1300
PT-MultiFeb-0062,PT-MultiFeb-0062-20210210/1304
PT-MultiFeb-0064,PT-MultiFeb-0064-20210210/1301
PT-MultiFeb-0065,PT-MultiFeb-0065-20210210/1305
PT-MultiFeb-0063,PT-MultiFeb-0063-20210210/1302
PT-MultiFeb-0062,PT-MultiFeb-0062-20210210/1306
PT-MultiFeb-0061,PT-MultiFeb-0061-20210210/1303
PT-MultiFeb-0065,PT-MultiFeb-0065-20210210/1308
PT-MultiFeb-0063,PT-MultiFeb-0063-20210210/1309
PT-MultiFeb-0064,PT-MultiFeb-0064-20210210/1307
PT-MultiFeb-0062,PT-MultiFeb-0062-20210210/1310
PT-MultiFeb-0065,PT-MultiFeb-0065-20210210/1312
PT-MultiFeb-0064,PT-MultiFeb-0064-20210210/1314
PT-MultiFeb-0061,PT-MultiFeb-0061-20210210/1311
PT-MultiFeb-0063,PT-MultiFeb-0063-20210210/1313
PT-MultiFeb-0062,PT-MultiFeb-0062-20210210/1315
PT-MultiFeb-0065,PT-MultiFeb-0065-20210210/1316
PT-MultiFeb-0064,PT-MultiFeb-0064-20210210/1317
PT-MultiFeb-0061,PT-MultiFeb-0061-20210210/1318
PT-MultiFeb-0063,PT-MultiFeb-0063-20210210/1319
PT-MultiFeb-0062,PT-MultiFeb-0062-20210210/1320
PT-MultiFeb-0065,PT-MultiFeb-0065-20210210/1321
PT-MultiFeb-0064,PT-MultiFeb-0064-20210210/1322
PT-MultiFeb-0061,PT-MultiFeb-0061-20210210/1323
PT-MultiFeb-0063,PT-MultiFeb-0063-20210210/1324
PT-MultiFeb-0062,PT-MultiFeb-0062-20210210/1325
PT-MultiFeb-0065,PT-MultiFeb-0065-20210210/1326
PT-MultiFeb-0061,PT-MultiFeb-0061-20210210/1328
PT-MultiFeb-0064,PT-MultiFeb-0064-20210210/1327
PT-MultiFeb-0063,PT-MultiFeb-0063-20210210/1329
PT-MultiFeb-0062,PT-MultiFeb-0062-20210210/1330
PT-MultiFeb-0061,PT-MultiFeb-0061-20210210/1332
PT-MultiFeb-0065,PT-MultiFeb-0065-20210210/1331
PT-MultiFeb-0064,PT-MultiFeb-0064-20210210/1333
PT-MultiFeb-0063,PT-MultiFeb-0063-20210210/1334
PT-MultiFeb-0062,PT-MultiFeb-0062-20210210/1335
PT-MultiFeb-0061,PT-MultiFeb-0061-20210210/1336
PT-MultiFeb-0063,PT-MultiFeb-0063-20210210/1337
PT-MultiFeb-0065,PT-MultiFeb-0065-20210210/1339
PT-MultiFeb-0064,PT-MultiFeb-0064-20210210/1338
PT-MultiFeb-0062,PT-MultiFeb-0062-20210210/1340
PT-MultiFeb-0061,PT-MultiFeb-0061-20210210/1341
PT-MultiFeb-0063,PT-MultiFeb-0063-20210210/1342
PT-MultiFeb-0065,PT-MultiFeb-0065-20210210/1343
PT-MultiFeb-0064,PT-MultiFeb-0064-20210210/1344
PT-MultiFeb-0062,PT-MultiFeb-0062-20210210/1345
PT-MultiFeb-0061,PT-MultiFeb-0061-20210210/1346
PT-MultiFeb-0063,PT-MultiFeb-0063-20210210/1347
PT-MultiFeb-0062,PT-MultiFeb-0062-20210210/1350
PT-MultiFeb-0065,PT-MultiFeb-0065-20210210/1348
PT-MultiFeb-0064,PT-MultiFeb-0064-20210210/1349
PT-MultiFeb-0063,PT-MultiFeb-0063-20210210/1352
PT-MultiFeb-0061,PT-MultiFeb-0061-20210210/1351
PT-MultiFeb-0062,PT-MultiFeb-0062-20210210/1353
PT-MultiFeb-0065,PT-MultiFeb-0065-20210210/1354
PT-MultiFeb-0064,PT-MultiFeb-0064-20210210/1355
PT-MultiFeb-0061,PT-MultiFeb-0061-20210210/1357
PT-MultiFeb-0063,PT-MultiFeb-0063-20210210/1356
PT-MultiFeb-0062,PT-MultiFeb-0062-20210210/1358
PT-MultiFeb-0065,PT-MultiFeb-0065-20210210/1359
PT-MultiFeb-0064,PT-MultiFeb-0064-20210210/1360
PT-MultiFeb-0063,PT-MultiFeb-0063-20210210/1361
PT-MultiFeb-0062,PT-MultiFeb-0062-20210210/1362
PT-MultiFeb-0064,PT-MultiFeb-0064-20210210/1364
PT-MultiFeb-0065,PT-MultiFeb-0065-20210210/1363
PT-MultiFeb-0063,PT-MultiFeb-0063-20210210/1365
PT-MultiFeb-0062,PT-MultiFeb-0062-20210210/1366
PT-MultiFeb-0064,PT-MultiFeb-0064-20210210/1367
PT-MultiFeb-0065,PT-MultiFeb-0065-20210210/1368
PT-MultiFeb-0062,PT-MultiFeb-0062-20210210/1370
PT-MultiFeb-0063,PT-MultiFeb-0063-20210210/1369
PT-MultiFeb-0064,PT-MultiFeb-0064-20210210/1371
PT-MultiFeb-0065,PT-MultiFeb-0065-20210210/1372
PT-MultiFeb-0062,PT-MultiFeb-0062-20210210/1373
PT-MultiFeb-0063,PT-MultiFeb-0063-20210210/1374
PT-MultiFeb-0062,PT-MultiFeb-0062-20210210/1377
PT-MultiFeb-0064,PT-MultiFeb-0064-20210210/1375
PT-MultiFeb-0065,PT-MultiFeb-0065-20210210/1376
PT-MultiFeb-0063,PT-MultiFeb-0063-20210210/1378
PT-MultiFeb-0062,PT-MultiFeb-0062-20210210/1379
PT-MultiFeb-0064,PT-MultiFeb-0064-20210210/1380
PT-MultiFeb-0065,PT-MultiFeb-0065-20210210/1381
PT-MultiFeb-0063,PT-MultiFeb-0063-20210210/1382
PT-MultiFeb-0062,PT-MultiFeb-0062-20210210/1383
PT-MultiFeb-0065,PT-MultiFeb-0065-20210210/1384
PT-MultiFeb-0064,PT-MultiFeb-0064-20210210/1385
PT-MultiFeb-0063,PT-MultiFeb-0063-20210210/1386
PT-MultiFeb-0065,PT-MultiFeb-0065-20210210/1388
PT-MultiFeb-0062,PT-MultiFeb-0062-20210210/1387
PT-MultiFeb-0063,PT-MultiFeb-0063-20210210/1390
PT-MultiFeb-0064,PT-MultiFeb-0064-20210210/1389
PT-MultiFeb-0065,PT-MultiFeb-0065-20210210/1391
PT-MultiFeb-0062,PT-MultiFeb-0062-20210210/1392
PT-MultiFeb-0063,PT-MultiFeb-0063-20210210/1393
PT-MultiFeb-0064,PT-MultiFeb-0064-20210210/1394
PT-MultiFeb-0062,PT-MultiFeb-0062-20210210/1396
PT-MultiFeb-0065,PT-MultiFeb-0065-20210210/1395
PT-MultiFeb-0064,PT-MultiFeb-0064-20210210/1397
PT-MultiFeb-0063,PT-MultiFeb-0063-20210210/1398
PT-MultiFeb-0065,PT-MultiFeb-0065-20210210/1399
PT-MultiFeb-0062,PT-MultiFeb-0062-20210210/1400
PT-MultiFeb-0064,PT-MultiFeb-0064-20210210/1401
PT-MultiFeb-0063,PT-MultiFeb-0063-20210210/1402
PT-MultiFeb-0065,PT-MultiFeb-0065-20210210/1403
PT-MultiFeb-0062,PT-MultiFeb-0062-20210210/1404
PT-MultiFeb-0064,PT-MultiFeb-0064-20210210/1405
PT-MultiFeb-0063,PT-MultiFeb-0063-20210210/1406
PT-MultiFeb-0065,PT-MultiFeb-0065-20210210/1407
PT-MultiFeb-0062,PT-MultiFeb-0062-20210210/1408
PT-MultiFeb-0063,PT-MultiFeb-0063-20210210/1410
PT-MultiFeb-0064,PT-MultiFeb-0064-20210210/1409
PT-MultiFeb-0065,PT-MultiFeb-0065-20210210/1411
PT-MultiFeb-0062,PT-MultiFeb-0062-20210210/1412
PT-MultiFeb-0063,PT-MultiFeb-0063-20210210/1413
PT-MultiFeb-0064,PT-MultiFeb-0064-20210210/1414
PT-MultiFeb-0065,PT-MultiFeb-0065-20210210/1415
PT-MultiFeb-0063,PT-MultiFeb-0063-20210210/1417
PT-MultiFeb-0062,PT-MultiFeb-0062-20210210/1416
PT-MultiFeb-0064,PT-MultiFeb-0064-20210210/1418
PT-MultiFeb-0065,PT-MultiFeb-0065-20210210/1419
PT-MultiFeb-0063,PT-MultiFeb-0063-20210210/1420
PT-MultiFeb-0062,PT-MultiFeb-0062-20210210/1421
PT-MultiFeb-0064,PT-MultiFeb-0064-20210210/1422
PT-MultiFeb-0062,PT-MultiFeb-0062-20210210/1424
PT-MultiFeb-0065,PT-MultiFeb-0065-20210210/1423
PT-MultiFeb-0063,PT-MultiFeb-0063-20210210/1425
PT-MultiFeb-0064,PT-MultiFeb-0064-20210210/1426
PT-MultiFeb-0062,PT-MultiFeb-0062-20210210/1428
PT-MultiFeb-0065,PT-MultiFeb-0065-20210210/1429
PT-MultiFeb-0066,PT-MultiFeb-0066-20210210/1427
PT-MultiFeb-0063,PT-MultiFeb-0063-20210210/1430
PT-MultiFeb-0064,PT-MultiFeb-0064-20210210/1431
PT-MultiFeb-0065,PT-MultiFeb-0065-20210210/1432
PT-MultiFeb-0062,PT-MultiFeb-0062-20210210/1433
PT-MultiFeb-0063,PT-MultiFeb-0063-20210210/1435
PT-MultiFeb-0066,PT-MultiFeb-0066-20210210/1434
PT-MultiFeb-0064,PT-MultiFeb-0064-20210210/1436
PT-MultiFeb-0065,PT-MultiFeb-0065-20210210/1437
PT-MultiFeb-0062,PT-MultiFeb-0062-20210210/1438
PT-MultiFeb-0063,PT-MultiFeb-0063-20210210/1439
PT-MultiFeb-0066,PT-MultiFeb-0066-20210210/1440
PT-MultiFeb-0064,PT-MultiFeb-0064-20210210/1441
PT-MultiFeb-0065,PT-MultiFeb-0065-20210210/1442
PT-MultiFeb-0062,PT-MultiFeb-0062-20210210/1443
PT-MultiFeb-0063,PT-MultiFeb-0063-20210210/1444
PT-MultiFeb-0064,PT-MultiFeb-0064-20210210/1446
PT-MultiFeb-0065,PT-MultiFeb-0065-20210210/1447
PT-MultiFeb-0066,PT-MultiFeb-0066-20210210/1445
PT-MultiFeb-0062,PT-MultiFeb-0062-20210210/1448
PT-MultiFeb-0063,PT-MultiFeb-0063-20210210/1449
PT-MultiFeb-0065,PT-MultiFeb-0065-20210210/1451
PT-MultiFeb-0062,PT-MultiFeb-0062-20210210/1452
PT-MultiFeb-0064,PT-MultiFeb-0064-20210210/1450
PT-MultiFeb-0063,PT-MultiFeb-0063-20210210/1454
PT-MultiFeb-0066,PT-MultiFeb-0066-20210210/1453
PT-MultiFeb-0065,PT-MultiFeb-0065-20210210/1455
PT-MultiFeb-0062,PT-MultiFeb-0062-20210210/1456
PT-MultiFeb-0063,PT-MultiFeb-0063-20210210/1458
PT-MultiFeb-0064,PT-MultiFeb-0064-20210210/1457
PT-MultiFeb-0066,PT-MultiFeb-0066-20210210/1459
PT-MultiFeb-0065,PT-MultiFeb-0065-20210210/1460
PT-MultiFeb-0064,PT-MultiFeb-0064-20210210/1463
PT-MultiFeb-0063,PT-MultiFeb-0063-20210210/1462
PT-MultiFeb-0062,PT-MultiFeb-0062-20210210/1461
PT-MultiFeb-0066,PT-MultiFeb-0066-20210210/1464
PT-MultiFeb-0065,PT-MultiFeb-0065-20210210/1465
PT-MultiFeb-0064,PT-MultiFeb-0064-20210210/1466
PT-MultiFeb-0063,PT-MultiFeb-0063-20210210/1468
PT-MultiFeb-0062,PT-MultiFeb-0062-20210210/1467
PT-MultiFeb-0066,PT-MultiFeb-0066-20210210/1469
PT-MultiFeb-0065,PT-MultiFeb-0065-20210210/1470
PT-MultiFeb-0064,PT-MultiFeb-0064-20210210/1471
PT-MultiFeb-0062,PT-MultiFeb-0062-20210210/1473
PT-MultiFeb-0063,PT-MultiFeb-0063-20210210/1472
PT-MultiFeb-0066,PT-MultiFeb-0066-20210210/1474
PT-MultiFeb-0064,PT-MultiFeb-0064-20210210/1475
PT-MultiFeb-0065,PT-MultiFeb-0065-20210210/1477
PT-MultiFeb-0062,PT-MultiFeb-0062-20210210/1476
PT-MultiFeb-0066,PT-MultiFeb-0066-20210210/1479
PT-MultiFeb-0063,PT-MultiFeb-0063-20210210/1478
PT-MultiFeb-0064,PT-MultiFeb-0064-20210210/1480
PT-MultiFeb-0065,PT-MultiFeb-0065-20210210/1481
PT-MultiFeb-0062,PT-MultiFeb-0062-20210210/1482
PT-MultiFeb-0066,PT-MultiFeb-0066-20210210/1483
PT-MultiFeb-0063,PT-MultiFeb-0063-20210210/1484
PT-MultiFeb-0065,PT-MultiFeb-0065-20210210/1486
PT-MultiFeb-0064,PT-MultiFeb-0064-20210210/1485
PT-MultiFeb-0062,PT-MultiFeb-0062-20210210/1487
PT-MultiFeb-0066,PT-MultiFeb-0066-20210210/1488
PT-MultiFeb-0063,PT-MultiFeb-0063-20210210/1489
PT-MultiFeb-0065,PT-MultiFeb-0065-20210210/1490
PT-MultiFeb-0064,PT-MultiFeb-0064-20210210/1491
PT-MultiFeb-0062,PT-MultiFeb-0062-20210210/1492
PT-MultiFeb-0066,PT-MultiFeb-0066-20210210/1493
PT-MultiFeb-0063,PT-MultiFeb-0063-20210210/1494
PT-MultiFeb-0065,PT-MultiFeb-0065-20210210/1495
PT-MultiFeb-0064,PT-MultiFeb-0064-20210210/1496
PT-MultiFeb-0066,PT-MultiFeb-0066-20210210/1497
PT-MultiFeb-0062,PT-MultiFeb-0062-20210210/1498
PT-MultiFeb-0063,PT-MultiFeb-0063-20210210/1499
PT-MultiFeb-0065,PT-MultiFeb-0065-20210210/1500
PT-MultiFeb-0064,PT-MultiFeb-0064-20210210/1501
PT-MultiFeb-0066,PT-MultiFeb-0066-20210210/1502
PT-MultiFeb-0062,PT-MultiFeb-0062-20210210/1503
PT-MultiFeb-0065,PT-MultiFeb-0065-20210210/1505
PT-MultiFeb-0063,PT-MultiFeb-0063-20210210/1504
PT-MultiFeb-0064,PT-MultiFeb-0064-20210210/1506
PT-MultiFeb-0066,PT-MultiFeb-0066-20210210/1507
PT-MultiFeb-0062,PT-MultiFeb-0062-20210210/1508
PT-MultiFeb-0065,PT-MultiFeb-0065-20210210/1509
PT-MultiFeb-0066,PT-MultiFeb-0066-20210210/1512
PT-MultiFeb-0063,PT-MultiFeb-0063-20210210/1510
PT-MultiFeb-0062,PT-MultiFeb-0062-20210210/1513
PT-MultiFeb-0064,PT-MultiFeb-0064-20210210/1511
PT-MultiFeb-0065,PT-MultiFeb-0065-20210210/1514
PT-MultiFeb-0066,PT-MultiFeb-0066-20210210/1515
PT-MultiFeb-0062,PT-MultiFeb-0062-20210210/1517
PT-MultiFeb-0065,PT-MultiFeb-0065-20210210/1519
PT-MultiFeb-0063,PT-MultiFeb-0063-20210210/1516
PT-MultiFeb-0064,PT-MultiFeb-0064-20210210/1518
PT-MultiFeb-0066,PT-MultiFeb-0066-20210210/1520
PT-MultiFeb-0065,PT-MultiFeb-0065-20210210/1522
PT-MultiFeb-0063,PT-MultiFeb-0063-20210210/1523
PT-MultiFeb-0062,PT-MultiFeb-0062-20210210/1521
PT-MultiFeb-0064,PT-MultiFeb-0064-20210210/1524
PT-MultiFeb-0066,PT-MultiFeb-0066-20210210/1525
PT-MultiFeb-0065,PT-MultiFeb-0065-20210210/1526
PT-MultiFeb-0062,PT-MultiFeb-0062-20210210/1528
PT-MultiFeb-0063,PT-MultiFeb-0063-20210210/1527
PT-MultiFeb-0064,PT-MultiFeb-0064-20210210/1529
PT-MultiFeb-0066,PT-MultiFeb-0066-20210210/1530
PT-MultiFeb-0065,PT-MultiFeb-0065-20210210/1531
PT-MultiFeb-0063,PT-MultiFeb-0063-20210210/1533
PT-MultiFeb-0062,PT-MultiFeb-0062-20210210/1532
PT-MultiFeb-0064,PT-MultiFeb-0064-20210210/1534
PT-MultiFeb-0065,PT-MultiFeb-0065-20210210/1536
PT-MultiFeb-0066,PT-MultiFeb-0066-20210210/1535
PT-MultiFeb-0063,PT-MultiFeb-0063-20210210/1537
PT-MultiFeb-0062,PT-MultiFeb-0062-20210210/1538
PT-MultiFeb-0064,PT-MultiFeb-0064-20210210/1539
PT-MultiFeb-0065,PT-MultiFeb-0065-20210210/1540
PT-MultiFeb-0066,PT-MultiFeb-0066-20210210/1541
PT-MultiFeb-0062,PT-MultiFeb-0062-20210210/1543
PT-MultiFeb-0063,PT-MultiFeb-0063-20210210/1542
PT-MultiFeb-0065,PT-MultiFeb-0065-20210210/1545
PT-MultiFeb-0066,PT-MultiFeb-0066-20210210/1546
PT-MultiFeb-0064,PT-MultiFeb-0064-20210210/1544
PT-MultiFeb-0062,PT-MultiFeb-0062-20210210/1547
PT-MultiFeb-0063,PT-MultiFeb-0063-20210210/1548
PT-MultiFeb-0065,PT-MultiFeb-0065-20210210/1549
PT-MultiFeb-0066,PT-MultiFeb-0066-20210210/1550
PT-MultiFeb-0062,PT-MultiFeb-0062-20210210/1551
PT-MultiFeb-0064,PT-MultiFeb-0064-20210210/1552
PT-MultiFeb-0063,PT-MultiFeb-0063-20210210/1553
PT-MultiFeb-0065,PT-MultiFeb-0065-20210210/1554
PT-MultiFeb-0066,PT-MultiFeb-0066-20210210/1555
PT-MultiFeb-0062,PT-MultiFeb-0062-20210210/1556
PT-MultiFeb-0064,PT-MultiFeb-0064-20210210/1557
PT-MultiFeb-0063,PT-MultiFeb-0063-20210210/1558
PT-MultiFeb-0065,PT-MultiFeb-0065-20210210/1559
PT-MultiFeb-0066,PT-MultiFeb-0066-20210210/1560
PT-MultiFeb-0064,PT-MultiFeb-0064-20210210/1562
PT-MultiFeb-0062,PT-MultiFeb-0062-20210210/1561
PT-MultiFeb-0063,PT-MultiFeb-0063-20210210/1563
PT-MultiFeb-0065,PT-MultiFeb-0065-20210210/1564
PT-MultiFeb-0066,PT-MultiFeb-0066-20210210/1565
PT-MultiFeb-0064,PT-MultiFeb-0064-20210210/1566
PT-MultiFeb-0062,PT-MultiFeb-0062-20210210/1567
PT-MultiFeb-0063,PT-MultiFeb-0063-20210210/1568
PT-MultiFeb-0065,PT-MultiFeb-0065-20210210/1569
PT-MultiFeb-0066,PT-MultiFeb-0066-20210210/1570
PT-MultiFeb-0064,PT-MultiFeb-0064-20210210/1571
PT-MultiFeb-0062,PT-MultiFeb-0062-20210210/1572
PT-MultiFeb-0063,PT-MultiFeb-0063-20210210/1573
PT-MultiFeb-0065,PT-MultiFeb-0065-20210210/1574
PT-MultiFeb-0066,PT-MultiFeb-0066-20210210/1575
PT-MultiFeb-0064,PT-MultiFeb-0064-20210210/1576
PT-MultiFeb-0062,PT-MultiFeb-0062-20210210/1577
PT-MultiFeb-0063,PT-MultiFeb-0063-20210210/1578
PT-MultiFeb-0066,PT-MultiFeb-0066-20210210/1580
PT-MultiFeb-0065,PT-MultiFeb-0065-20210210/1579
PT-MultiFeb-0064,PT-MultiFeb-0064-20210210/1581
PT-MultiFeb-0062,PT-MultiFeb-0062-20210210/1582
PT-MultiFeb-0066,PT-MultiFeb-0066-20210210/1584
PT-MultiFeb-0063,PT-MultiFeb-0063-20210210/1583
PT-MultiFeb-0064,PT-MultiFeb-0064-20210210/1586
PT-MultiFeb-0065,PT-MultiFeb-0065-20210210/1585
PT-MultiFeb-0062,PT-MultiFeb-0062-20210210/1587
PT-MultiFeb-0066,PT-MultiFeb-0066-20210210/1588
PT-MultiFeb-0063,PT-MultiFeb-0063-20210210/1589
PT-MultiFeb-0065,PT-MultiFeb-0065-20210210/1591
PT-MultiFeb-0064,PT-MultiFeb-0064-20210210/1590
PT-MultiFeb-0062,PT-MultiFeb-0062-20210210/1592
PT-MultiFeb-0066,PT-MultiFeb-0066-20210210/1593
PT-MultiFeb-0063,PT-MultiFeb-0063-20210210/1594
PT-MultiFeb-0064,PT-MultiFeb-0064-20210210/1596
PT-MultiFeb-0065,PT-MultiFeb-0065-20210210/1595
PT-MultiFeb-0066,PT-MultiFeb-0066-20210210/1598
PT-MultiFeb-0063,PT-MultiFeb-0063-20210210/1599
PT-MultiFeb-0064,PT-MultiFeb-0064-20210210/1600
PT-MultiFeb-0062,PT-MultiFeb-0062-20210210/1597
PT-MultiFeb-0066,PT-MultiFeb-0066-20210210/1602
PT-MultiFeb-0063,PT-MultiFeb-0063-20210210/1603
PT-MultiFeb-0064,PT-MultiFeb-0064-20210210/1604
PT-MultiFeb-0065,PT-MultiFeb-0065-20210210/1601
PT-MultiFeb-0066,PT-MultiFeb-0066-20210210/1605
PT-MultiFeb-0063,PT-MultiFeb-0063-20210210/1606
PT-MultiFeb-0064,PT-MultiFeb-0064-20210210/1607
PT-MultiFeb-0065,PT-MultiFeb-0065-20210210/1608
PT-MultiFeb-0066,PT-MultiFeb-0066-20210210/1609
PT-MultiFeb-0063,PT-MultiFeb-0063-20210210/1610
PT-MultiFeb-0064,PT-MultiFeb-0064-20210210/1611
PT-MultiFeb-0066,PT-MultiFeb-0066-20210210/1613
PT-MultiFeb-0063,PT-MultiFeb-0063-20210210/1614
PT-MultiFeb-0065,PT-MultiFeb-0065-20210210/1612
PT-MultiFeb-0064,PT-MultiFeb-0064-20210210/1615
PT-MultiFeb-0066,PT-MultiFeb-0066-20210210/1616
PT-MultiFeb-0063,PT-MultiFeb-0063-20210210/1617
PT-MultiFeb-0065,PT-MultiFeb-0065-20210210/1618
PT-MultiFeb-0064,PT-MultiFeb-0064-20210210/1619
PT-MultiFeb-0063,PT-MultiFeb-0063-20210210/1621
PT-MultiFeb-0066,PT-MultiFeb-0066-20210210/1620
PT-MultiFeb-0065,PT-MultiFeb-0065-20210210/1622
PT-MultiFeb-0064,PT-MultiFeb-0064-20210210/1623
PT-MultiFeb-0063,PT-MultiFeb-0063-20210210/1624
PT-MultiFeb-0066,PT-MultiFeb-0066-20210210/1625
PT-MultiFeb-0065,PT-MultiFeb-0065-20210210/1626
PT-MultiFeb-0064,PT-MultiFeb-0064-20210210/1627
PT-MultiFeb-0063,PT-MultiFeb-0063-20210210/1628
PT-MultiFeb-0066,PT-MultiFeb-0066-20210210/1629
PT-MultiFeb-0065,PT-MultiFeb-0065-20210210/1630
PT-MultiFeb-0064,PT-MultiFeb-0064-20210210/1631
PT-MultiFeb-0063,PT-MultiFeb-0063-20210210/1632
PT-MultiFeb-0066,PT-MultiFeb-0066-20210210/1633
PT-MultiFeb-0064,PT-MultiFeb-0064-20210210/1635
PT-MultiFeb-0065,PT-MultiFeb-0065-20210210/1634
PT-MultiFeb-0063,PT-MultiFeb-0063-20210210/1636
PT-MultiFeb-0066,PT-MultiFeb-0066-20210210/1637
PT-MultiFeb-0064,PT-MultiFeb-0064-20210210/1638
PT-MultiFeb-0065,PT-MultiFeb-0065-20210210/1639
PT-MultiFeb-0063,PT-MultiFeb-0063-20210210/1640
PT-MultiFeb-0066,PT-MultiFeb-0066-20210210/1641
PT-MultiFeb-0064,PT-MultiFeb-0064-20210210/1642
PT-MultiFeb-0065,PT-MultiFeb-0065-20210210/1643
PT-MultiFeb-0063,PT-MultiFeb-0063-20210210/1644
PT-MultiFeb-0065,PT-MultiFeb-0065-20210210/1647
PT-MultiFeb-0064,PT-MultiFeb-0064-20210210/1646
PT-MultiFeb-0066,PT-MultiFeb-0066-20210210/1645
PT-MultiFeb-0063,PT-MultiFeb-0063-20210210/1648
PT-MultiFeb-0065,PT-MultiFeb-0065-20210210/1649
PT-MultiFeb-0063,PT-MultiFeb-0063-20210210/1652
PT-MultiFeb-0064,PT-MultiFeb-0064-20210210/1650
PT-MultiFeb-0066,PT-MultiFeb-0066-20210210/1651
PT-MultiFeb-0065,PT-MultiFeb-0065-20210210/1653
PT-MultiFeb-0064,PT-MultiFeb-0064-20210210/1655
PT-MultiFeb-0066,PT-MultiFeb-0066-20210210/1656
PT-MultiFeb-0065,PT-MultiFeb-0065-20210210/1657
PT-MultiFeb-0066,PT-MultiFeb-0066-20210210/1659
PT-MultiFeb-0063,PT-MultiFeb-0063-20210210/1654
PT-MultiFeb-0064,PT-MultiFeb-0064-20210210/1658
PT-MultiFeb-0065,PT-MultiFeb-0065-20210210/1660
PT-MultiFeb-0064,PT-MultiFeb-0064-20210210/1663
PT-MultiFeb-0066,PT-MultiFeb-0066-20210210/1661
PT-MultiFeb-0063,PT-MultiFeb-0063-20210210/1662
PT-MultiFeb-0065,PT-MultiFeb-0065-20210210/1664
PT-MultiFeb-0064,PT-MultiFeb-0064-20210210/1665
PT-MultiFeb-0066,PT-MultiFeb-0066-20210210/1666
PT-MultiFeb-0063,PT-MultiFeb-0063-20210210/1667
PT-MultiFeb-0064,PT-MultiFeb-0064-20210210/1669
PT-MultiFeb-0066,PT-MultiFeb-0066-20210210/1670
PT-MultiFeb-0065,PT-MultiFeb-0065-20210210/1668
PT-MultiFeb-0063,PT-MultiFeb-0063-20210210/1671
PT-MultiFeb-0064,PT-MultiFeb-0064-20210210/1672
PT-MultiFeb-0066,PT-MultiFeb-0066-20210210/1673
PT-MultiFeb-0065,PT-MultiFeb-0065-20210210/1674
PT-MultiFeb-0063,PT-MultiFeb-0063-20210210/1675
PT-MultiFeb-0064,PT-MultiFeb-0064-20210210/1676
PT-MultiFeb-0065,PT-MultiFeb-0065-20210210/1678
PT-MultiFeb-0066,PT-MultiFeb-0066-20210210/1677
PT-MultiFeb-0063,PT-MultiFeb-0063-20210210/1679
PT-MultiFeb-0064,PT-MultiFeb-0064-20210210/1680
PT-MultiFeb-0065,PT-MultiFeb-0065-20210210/1681
PT-MultiFeb-0066,PT-MultiFeb-0066-20210210/1682
PT-MultiFeb-0063,PT-MultiFeb-0063-20210210/1683
PT-MultiFeb-0064,PT-MultiFeb-0064-20210210/1684
PT-MultiFeb-0065,PT-MultiFeb-0065-20210210/1685
PT-MultiFeb-0066,PT-MultiFeb-0066-20210210/1686
PT-MultiFeb-0063,PT-MultiFeb-0063-20210210/1687
PT-MultiFeb-0064,PT-MultiFeb-0064-20210210/1688
PT-MultiFeb-0066,PT-MultiFeb-0066-20210210/1690
PT-MultiFeb-0065,PT-MultiFeb-0065-20210210/1689
PT-MultiFeb-0063,PT-MultiFeb-0063-20210210/1691
PT-MultiFeb-0064,PT-MultiFeb-0064-20210210/1692
PT-MultiFeb-0063,PT-MultiFeb-0063-20210210/1695
PT-MultiFeb-0066,PT-MultiFeb-0066-20210210/1693
PT-MultiFeb-0065,PT-MultiFeb-0065-20210210/1694
PT-MultiFeb-0064,PT-MultiFeb-0064-20210210/1696
PT-MultiFeb-0065,PT-MultiFeb-0065-20210210/1699
PT-MultiFeb-0066,PT-MultiFeb-0066-20210210/1698
PT-MultiFeb-0063,PT-MultiFeb-0063-20210210/1697
PT-MultiFeb-0064,PT-MultiFeb-0064-20210210/1700
PT-MultiFeb-0065,PT-MultiFeb-0065-20210210/1701
PT-MultiFeb-0066,PT-MultiFeb-0066-20210210/1702
PT-MultiFeb-0063,PT-MultiFeb-0063-20210210/1703
PT-MultiFeb-0064,PT-MultiFeb-0064-20210210/1704
PT-MultiFeb-0065,PT-MultiFeb-0065-20210210/1705
PT-MultiFeb-0066,PT-MultiFeb-0066-20210210/1706
PT-MultiFeb-0063,PT-MultiFeb-0063-20210210/1707
PT-MultiFeb-0064,PT-MultiFeb-0064-20210210/1708
PT-MultiFeb-0066,PT-MultiFeb-0066-20210210/1710
PT-MultiFeb-0065,PT-MultiFeb-0065-20210210/1709
PT-MultiFeb-0063,PT-MultiFeb-0063-20210210/1711
PT-MultiFeb-0064,PT-MultiFeb-0064-20210210/1712
PT-MultiFeb-0066,PT-MultiFeb-0066-20210210/1713
PT-MultiFeb-0065,PT-MultiFeb-0065-20210210/1714
PT-MultiFeb-0063,PT-MultiFeb-0063-20210210/1715
PT-MultiFeb-0064,PT-MultiFeb-0064-20210210/1716
PT-MultiFeb-0066,PT-MultiFeb-0066-20210210/1717
PT-MultiFeb-0065,PT-MultiFeb-0065-20210210/1718
PT-MultiFeb-0063,PT-MultiFeb-0063-20210210/1719
PT-MultiFeb-0064,PT-MultiFeb-0064-20210210/1720
PT-MultiFeb-0066,PT-MultiFeb-0066-20210210/1721
PT-MultiFeb-0065,PT-MultiFeb-0065-20210210/1722
PT-MultiFeb-0063,PT-MultiFeb-0063-20210210/1723
PT-MultiFeb-0064,PT-MultiFeb-0064-20210210/1724
PT-MultiFeb-0066,PT-MultiFeb-0066-20210210/1725
PT-MultiFeb-0065,PT-MultiFeb-0065-20210210/1726
PT-MultiFeb-0063,PT-MultiFeb-0063-20210210/1727
PT-MultiFeb-0064,PT-MultiFeb-0064-20210210/1728
PT-MultiFeb-0066,PT-MultiFeb-0066-20210210/1729
PT-MultiFeb-0065,PT-MultiFeb-0065-20210210/1730
PT-MultiFeb-0063,PT-MultiFeb-0063-20210210/1731
PT-MultiFeb-0064,PT-MultiFeb-0064-20210210/1732
PT-MultiFeb-0066,PT-MultiFeb-0066-20210210/1733
PT-MultiFeb-0065,PT-MultiFeb-0065-20210210/1734
PT-MultiFeb-0063,PT-MultiFeb-0063-20210210/1735
PT-MultiFeb-0064,PT-MultiFeb-0064-20210210/1736
PT-MultiFeb-0066,PT-MultiFeb-0066-20210210/1737
PT-MultiFeb-0065,PT-MultiFeb-0065-20210210/1738
PT-MultiFeb-0063,PT-MultiFeb-0063-20210210/1739
PT-MultiFeb-0066,PT-MultiFeb-0066-20210210/1741
PT-MultiFeb-0064,PT-MultiFeb-0064-20210210/1740
PT-MultiFeb-0065,PT-MultiFeb-0065-20210210/1742
PT-MultiFeb-0063,PT-MultiFeb-0063-20210210/1743
PT-MultiFeb-0066,PT-MultiFeb-0066-20210210/1744
PT-MultiFeb-0064,PT-MultiFeb-0064-20210210/1745
PT-MultiFeb-0066,PT-MultiFeb-0066-20210210/1748
PT-MultiFeb-0063,PT-MultiFeb-0063-20210210/1747
PT-MultiFeb-0065,PT-MultiFeb-0065-20210210/1746
PT-MultiFeb-0064,PT-MultiFeb-0064-20210210/1749
PT-MultiFeb-0066,PT-MultiFeb-0066-20210210/1750
PT-MultiFeb-0063,PT-MultiFeb-0063-20210210/1751
PT-MultiFeb-0065,PT-MultiFeb-0065-20210210/1752
PT-MultiFeb-0064,PT-MultiFeb-0064-20210210/1753
PT-MultiFeb-0066,PT-MultiFeb-0066-20210210/1754
PT-MultiFeb-0065,PT-MultiFeb-0065-20210210/1755
PT-MultiFeb-0064,PT-MultiFeb-0064-20210210/1756
PT-MultiFeb-0066,PT-MultiFeb-0066-20210210/1757
PT-MultiFeb-0065,PT-MultiFeb-0065-20210210/1758
PT-MultiFeb-0064,PT-MultiFeb-0064-20210210/1759
PT-MultiFeb-0066,PT-MultiFeb-0066-20210210/1760
PT-MultiFeb-0065,PT-MultiFeb-0065-20210210/1761
PT-MultiFeb-0064,PT-MultiFeb-0064-20210210/1762
PT-MultiFeb-0066,PT-MultiFeb-0066-20210210/1763
PT-MultiFeb-0065,PT-MultiFeb-0065-20210210/1764
PT-MultiFeb-0064,PT-MultiFeb-0064-20210210/1765
PT-MultiFeb-0066,PT-MultiFeb-0066-20210210/1766
PT-MultiFeb-0065,PT-MultiFeb-0065-20210210/1767
PT-MultiFeb-0064,PT-MultiFeb-0064-20210210/1768
PT-MultiFeb-0066,PT-MultiFeb-0066-20210210/1769
PT-MultiFeb-0065,PT-MultiFeb-0065-20210210/1770
PT-MultiFeb-0064,PT-MultiFeb-0064-20210210/1771
PT-MultiFeb-0066,PT-MultiFeb-0066-20210210/1772
PT-MultiFeb-0065,PT-MultiFeb-0065-20210210/1773
PT-MultiFeb-0064,PT-MultiFeb-0064-20210210/1774
PT-MultiFeb-0066,PT-MultiFeb-0066-20210210/1775
PT-MultiFeb-0065,PT-MultiFeb-0065-20210210/1776
PT-MultiFeb-0064,PT-MultiFeb-0064-20210210/1777
PT-MultiFeb-0066,PT-MultiFeb-0066-20210210/1778
PT-MultiFeb-0065,PT-MultiFeb-0065-20210210/1779
PT-MultiFeb-0064,PT-MultiFeb-0064-20210210/1780
PT-MultiFeb-0066,PT-MultiFeb-0066-20210210/1781
PT-MultiFeb-0065,PT-MultiFeb-0065-20210210/1782
PT-MultiFeb-0064,PT-MultiFeb-0064-20210210/1783
PT-MultiFeb-0065,PT-MultiFeb-0065-20210210/1784
PT-MultiFeb-0066,PT-MultiFeb-0066-20210210/1785
PT-MultiFeb-0064,PT-MultiFeb-0064-20210210/1786
PT-MultiFeb-0065,PT-MultiFeb-0065-20210210/1787
PT-MultiFeb-0066,PT-MultiFeb-0066-20210210/1788
PT-MultiFeb-0064,PT-MultiFeb-0064-20210210/1789
PT-MultiFeb-0065,PT-MultiFeb-0065-20210210/1790
PT-MultiFeb-0066,PT-MultiFeb-0066-20210210/1791
PT-MultiFeb-0064,PT-MultiFeb-0064-20210210/1792
PT-MultiFeb-0065,PT-MultiFeb-0065-20210210/1793
PT-MultiFeb-0066,PT-MultiFeb-0066-20210210/1794
PT-MultiFeb-0064,PT-MultiFeb-0064-20210210/1795
PT-MultiFeb-0065,PT-MultiFeb-0065-20210210/1796
PT-MultiFeb-0066,PT-MultiFeb-0066-20210210/1797
PT-MultiFeb-0064,PT-MultiFeb-0064-20210210/1798
PT-MultiFeb-0065,PT-MultiFeb-0065-20210210/1799
PT-MultiFeb-0066,PT-MultiFeb-0066-20210210/1800
PT-MultiFeb-0064,PT-MultiFeb-0064-20210210/1801
PT-MultiFeb-0065,PT-MultiFeb-0065-20210210/1802
PT-MultiFeb-0066,PT-MultiFeb-0066-20210210/1803
PT-MultiFeb-0064,PT-MultiFeb-0064-20210210/1804
PT-MultiFeb-0065,PT-MultiFeb-0065-20210210/1805
PT-MultiFeb-0066,PT-MultiFeb-0066-20210210/1806
PT-MultiFeb-0064,PT-MultiFeb-0064-20210210/1807
PT-MultiFeb-0066,PT-MultiFeb-0066-20210210/1809
PT-MultiFeb-0065,PT-MultiFeb-0065-20210210/1808
PT-MultiFeb-0064,PT-MultiFeb-0064-20210210/1810
PT-MultiFeb-0064,PT-MultiFeb-0064-20210210/1813
PT-MultiFeb-0066,PT-MultiFeb-0066-20210210/1811
PT-MultiFeb-0065,PT-MultiFeb-0065-20210210/1812
PT-MultiFeb-0066,PT-MultiFeb-0066-20210210/1815
PT-MultiFeb-0064,PT-MultiFeb-0064-20210210/1814
PT-MultiFeb-0065,PT-MultiFeb-0065-20210210/1816
PT-MultiFeb-0066,PT-MultiFeb-0066-20210210/1817
PT-MultiFeb-0064,PT-MultiFeb-0064-20210210/1818
PT-MultiFeb-0065,PT-MultiFeb-0065-20210210/1819
PT-MultiFeb-0066,PT-MultiFeb-0066-20210210/1820
PT-MultiFeb-0064,PT-MultiFeb-0064-20210210/1822
PT-MultiFeb-0065,PT-MultiFeb-0065-20210210/1821
PT-MultiFeb-0064,PT-MultiFeb-0064-20210210/1824
PT-MultiFeb-0066,PT-MultiFeb-0066-20210210/1823
PT-MultiFeb-0065,PT-MultiFeb-0065-20210210/1825
PT-MultiFeb-0064,PT-MultiFeb-0064-20210210/1826
PT-MultiFeb-0066,PT-MultiFeb-0066-20210210/1827
PT-MultiFeb-0065,PT-MultiFeb-0065-20210210/1828
PT-MultiFeb-0066,PT-MultiFeb-0066-20210210/1830
PT-MultiFeb-0064,PT-MultiFeb-0064-20210210/1829
PT-MultiFeb-0065,PT-MultiFeb-0065-20210210/1831
PT-MultiFeb-0066,PT-MultiFeb-0066-20210210/1832
PT-MultiFeb-0065,PT-MultiFeb-0065-20210210/1834
PT-MultiFeb-0064,PT-MultiFeb-0064-20210210/1833
PT-MultiFeb-0066,PT-MultiFeb-0066-20210210/1835
PT-MultiFeb-0065,PT-MultiFeb-0065-20210210/1837
PT-MultiFeb-0064,PT-MultiFeb-0064-20210210/1836
PT-MultiFeb-0064,PT-MultiFeb-0064-20210210/1839
PT-MultiFeb-0065,PT-MultiFeb-0065-20210210/1840
PT-MultiFeb-0066,PT-MultiFeb-0066-20210210/1838
PT-MultiFeb-0064,PT-MultiFeb-0064-20210210/1841
PT-MultiFeb-0065,PT-MultiFeb-0065-20210210/1842
PT-MultiFeb-0066,PT-MultiFeb-0066-20210210/1843
PT-MultiFeb-0064,PT-MultiFeb-0064-20210210/1844
PT-MultiFeb-0065,PT-MultiFeb-0065-20210210/1845
PT-MultiFeb-0066,PT-MultiFeb-0066-20210210/1846
PT-MultiFeb-0064,PT-MultiFeb-0064-20210210/1847
PT-MultiFeb-0065,PT-MultiFeb-0065-20210210/1848
PT-MultiFeb-0066,PT-MultiFeb-0066-20210210/1849
PT-MultiFeb-0064,PT-MultiFeb-0064-20210210/1850
PT-MultiFeb-0065,PT-MultiFeb-0065-20210210/1851
PT-MultiFeb-0064,PT-MultiFeb-0064-20210210/1853
PT-MultiFeb-0066,PT-MultiFeb-0066-20210210/1852
PT-MultiFeb-0065,PT-MultiFeb-0065-20210210/1854
PT-MultiFeb-0064,PT-MultiFeb-0064-20210210/1855
PT-MultiFeb-0066,PT-MultiFeb-0066-20210210/1856
PT-MultiFeb-0065,PT-MultiFeb-0065-20210210/1857
PT-MultiFeb-0064,PT-MultiFeb-0064-20210210/1858
PT-MultiFeb-0066,PT-MultiFeb-0066-20210210/1859
PT-MultiFeb-0065,PT-MultiFeb-0065-20210210/1860
PT-MultiFeb-0064,PT-MultiFeb-0064-20210210/1861
PT-MultiFeb-0066,PT-MultiFeb-0066-20210210/1862
PT-MultiFeb-0065,PT-MultiFeb-0065-20210210/1863
PT-MultiFeb-0064,PT-MultiFeb-0064-20210210/1864
PT-MultiFeb-0066,PT-MultiFeb-0066-20210210/1865
PT-MultiFeb-0065,PT-MultiFeb-0065-20210210/1866
PT-MultiFeb-0065,PT-MultiFeb-0065-20210210/1868
PT-MultiFeb-0066,PT-MultiFeb-0066-20210210/1867
PT-MultiFeb-0065,PT-MultiFeb-0065-20210210/1869
PT-MultiFeb-0066,PT-MultiFeb-0066-20210210/1870
PT-MultiFeb-0065,PT-MultiFeb-0065-20210210/1871
PT-MultiFeb-0066,PT-MultiFeb-0066-20210210/1872
PT-MultiFeb-0065,PT-MultiFeb-0065-20210210/1873
PT-MultiFeb-0066,PT-MultiFeb-0066-20210210/1874
PT-MultiFeb-0065,PT-MultiFeb-0065-20210210/1875
PT-MultiFeb-0066,PT-MultiFeb-0066-20210210/1876
PT-MultiFeb-0066,PT-MultiFeb-0066-20210210/1878
PT-MultiFeb-0065,PT-MultiFeb-0065-20210210/1877
PT-MultiFeb-0066,PT-MultiFeb-0066-20210210/1879
PT-MultiFeb-0065,PT-MultiFeb-0065-20210210/1880
PT-MultiFeb-0066,PT-MultiFeb-0066-20210210/1881
PT-MultiFeb-0065,PT-MultiFeb-0065-20210210/1882
PT-MultiFeb-0066,PT-MultiFeb-0066-20210210/1883
PT-MultiFeb-0065,PT-MultiFeb-0065-20210210/1884
PT-MultiFeb-0066,PT-MultiFeb-0066-20210210/1885
PT-MultiFeb-0065,PT-MultiFeb-0065-20210210/1886
PT-MultiFeb-0066,PT-MultiFeb-0066-20210210/1887
PT-MultiFeb-0065,PT-MultiFeb-0065-20210210/1888
PT-MultiFeb-0066,PT-MultiFeb-0066-20210210/1889
PT-MultiFeb-0065,PT-MultiFeb-0065-20210210/1890
PT-MultiFeb-0066,PT-MultiFeb-0066-20210210/1891
PT-MultiFeb-0065,PT-MultiFeb-0065-20210210/1892
PT-MultiFeb-0066,PT-MultiFeb-0066-20210210/1893
PT-MultiFeb-0065,PT-MultiFeb-0065-20210210/1894
PT-MultiFeb-0066,PT-MultiFeb-0066-20210210/1895
PT-MultiFeb-0065,PT-MultiFeb-0065-20210210/1896
PT-MultiFeb-0066,PT-MultiFeb-0066-20210210/1897
PT-MultiFeb-0065,PT-MultiFeb-0065-20210210/1898
PT-MultiFeb-0066,PT-MultiFeb-0066-20210210/1899
PT-MultiFeb-0065,PT-MultiFeb-0065-20210210/1900
PT-MultiFeb-0066,PT-MultiFeb-0066-20210210/1901
PT-MultiFeb-0065,PT-MultiFeb-0065-20210210/1902
PT-MultiFeb-0066,PT-MultiFeb-0066-20210210/1903
PT-MultiFeb-0065,PT-MultiFeb-0065-20210210/1904
PT-MultiFeb-0066,PT-MultiFeb-0066-20210210/1905
PT-MultiFeb-0065,PT-MultiFeb-0065-20210210/1906
PT-MultiFeb-0066,PT-MultiFeb-0066-20210210/1907
PT-MultiFeb-0065,PT-MultiFeb-0065-20210210/1908
PT-MultiFeb-0066,PT-MultiFeb-0066-20210210/1909
PT-MultiFeb-0065,PT-MultiFeb-0065-20210210/1910
PT-MultiFeb-0066,PT-MultiFeb-0066-20210210/1911
PT-MultiFeb-0065,PT-MultiFeb-0065-20210210/1912
PT-MultiFeb-0066,PT-MultiFeb-0066-20210210/1913
PT-MultiFeb-0065,PT-MultiFeb-0065-20210210/1914
PT-MultiFeb-0066,PT-MultiFeb-0066-20210210/1915
PT-MultiFeb-0065,PT-MultiFeb-0065-20210210/1916
PT-MultiFeb-0066,PT-MultiFeb-0066-20210210/1917
PT-MultiFeb-0065,PT-MultiFeb-0065-20210210/1918
PT-MultiFeb-0066,PT-MultiFeb-0066-20210210/1919
PT-MultiFeb-0065,PT-MultiFeb-0065-20210210/1920
PT-MultiFeb-0066,PT-MultiFeb-0066-20210210/1921
PT-MultiFeb-0065,PT-MultiFeb-0065-20210210/1922
PT-MultiFeb-0066,PT-MultiFeb-0066-20210210/1923
PT-MultiFeb-0065,PT-MultiFeb-0065-20210210/1924
PT-MultiFeb-0066,PT-MultiFeb-0066-20210210/1925
PT-MultiFeb-0065,PT-MultiFeb-0065-20210210/1926
PT-MultiFeb-0066,PT-MultiFeb-0066-20210210/1927
PT-MultiFeb-0065,PT-MultiFeb-0065-20210210/1928
PT-MultiFeb-0066,PT-MultiFeb-0066-20210210/1929
PT-MultiFeb-0065,PT-MultiFeb-0065-20210210/1930
PT-MultiFeb-0066,PT-MultiFeb-0066-20210210/1931
PT-MultiFeb-0065,PT-MultiFeb-0065-20210210/1932
PT-MultiFeb-0066,PT-MultiFeb-0066-20210210/1933
PT-MultiFeb-0065,PT-MultiFeb-0065-20210210/1934
PT-MultiFeb-0066,PT-MultiFeb-0066-20210210/1935
PT-MultiFeb-0065,PT-MultiFeb-0065-20210210/1936
PT-MultiFeb-0066,PT-MultiFeb-0066-20210210/1937
PT-MultiFeb-0065,PT-MultiFeb-0065-20210210/1938
PT-MultiFeb-0066,PT-MultiFeb-0066-20210210/1939
PT-MultiFeb-0066,PT-MultiFeb-0066-20210210/1941
PT-MultiFeb-0065,PT-MultiFeb-0065-20210210/1940
PT-MultiFeb-0066,PT-MultiFeb-0066-20210210/1942
PT-MultiFeb-0065,PT-MultiFeb-0065-20210210/1943
PT-MultiFeb-0066,PT-MultiFeb-0066-20210210/1944
PT-MultiFeb-0065,PT-MultiFeb-0065-20210210/1945
PT-MultiFeb-0066,PT-MultiFeb-0066-20210210/1946
PT-MultiFeb-0065,PT-MultiFeb-0065-20210210/1947
PT-MultiFeb-0065,PT-MultiFeb-0065-20210210/1948
PT-MultiFeb-0066,PT-MultiFeb-0066-20210210/1949
PT-MultiFeb-0065,PT-MultiFeb-0065-20210210/1950
PT-MultiFeb-0066,PT-MultiFeb-0066-20210210/1951
PT-MultiFeb-0065,PT-MultiFeb-0065-20210210/1952
PT-MultiFeb-0066,PT-MultiFeb-0066-20210210/1953
PT-MultiFeb-0065,PT-MultiFeb-0065-20210210/1954
PT-MultiFeb-0066,PT-MultiFeb-0066-20210210/1955
PT-MultiFeb-0065,PT-MultiFeb-0065-20210210/1956
PT-MultiFeb-0066,PT-MultiFeb-0066-20210210/1957
PT-MultiFeb-0066,PT-MultiFeb-0066-20210210/1958
PT-MultiFeb-0066,PT-MultiFeb-0066-20210210/1959
PT-MultiFeb-0066,PT-MultiFeb-0066-20210210/1960
PT-MultiFeb-0066,PT-MultiFeb-0066-20210210/1961
PT-MultiFeb-0066,PT-MultiFeb-0066-20210210/1962
PT-MultiFeb-0066,PT-MultiFeb-0066-20210210/1963
PT-MultiFeb-0066,PT-MultiFeb-0066-20210210/1964
PT-MultiFeb-0066,PT-MultiFeb-0066-20210210/1965
PT-MultiFeb-0066,PT-MultiFeb-0066-20210210/1966
PT-MultiFeb-0066,PT-MultiFeb-0066-20210210/1967
PT-MultiFeb-0066,PT-MultiFeb-0066-20210210/1968
PT-MultiFeb-0066,PT-MultiFeb-0066-20210210/1969
PT-MultiFeb-0066,PT-MultiFeb-0066-20210210/1970
PT-MultiFeb-0066,PT-MultiFeb-0066-20210210/1971
PT-MultiFeb-0066,PT-MultiFeb-0066-20210210/1972
PT-MultiFeb-0066,PT-MultiFeb-0066-20210210/1973
PT-MultiFeb-0066,PT-MultiFeb-0066-20210210/1974
PT-MultiFeb-0066,PT-MultiFeb-0066-20210210/1975
PT-MultiFeb-0066,PT-MultiFeb-0066-20210210/1976
PT-MultiFeb-0066,PT-MultiFeb-0066-20210210/1977
PT-MultiFeb-0066,PT-MultiFeb-0066-20210210/1978
PT-MultiFeb-0066,PT-MultiFeb-0066-20210210/1979
PT-MultiFeb-0066,PT-MultiFeb-0066-20210210/1980
PT-MultiFeb-0066,PT-MultiFeb-0066-20210210/1981
PT-MultiFeb-0066,PT-MultiFeb-0066-20210210/1982
PT-MultiFeb-0066,PT-MultiFeb-0066-20210210/1983
PT-MultiFeb-0066,PT-MultiFeb-0066-20210210/1984
PT-MultiFeb-0066,PT-MultiFeb-0066-20210210/1985
PT-MultiFeb-0066,PT-MultiFeb-0066-20210210/1986
PT-MultiFeb-0066,PT-MultiFeb-0066-20210210/1987
PT-MultiFeb-0066,PT-MultiFeb-0066-20210210/1988
PT-MultiFeb-0066,PT-MultiFeb-0066-20210210/1989
PT-MultiFeb-0066,PT-MultiFeb-0066-20210210/1990
PT-MultiFeb-0066,PT-MultiFeb-0066-20210210/1991
PT-MultiFeb-0066,PT-MultiFeb-0066-20210210/1992
PT-MultiFeb-0066,PT-MultiFeb-0066-20210210/1993
PT-MultiFeb-0066,PT-MultiFeb-0066-20210210/1994
PT-MultiFeb-0066,PT-MultiFeb-0066-20210210/1995
PT-MultiFeb-0066,PT-MultiFeb-0066-20210210/1996
PT-MultiFeb-0066,PT-MultiFeb-0066-20210210/1997
PT-MultiFeb-0066,PT-MultiFeb-0066-20210210/1998
PT-MultiFeb-0066,PT-MultiFeb-0066-20210210/1999
PT-MultiFeb-0066,PT-MultiFeb-0066-20210210/2000
