multipleName,multipleRef
PT-Multiple-0001,1
PT-Multiple-0002,2
PT-Multiple-0003,3
PT-Multiple-0004,4
PT-Multiple-0005,5
PT-Multiple-0006,6
PT-Multiple-0007,7
PT-Multiple-0008,8
PT-Multiple-0009,9
PT-Multiple-0010,10
PT-Multiple-0011,11
PT-Multiple-0012,12
PT-Multiple-0013,13
PT-Multiple-0014,14
PT-Multiple-0015,15
PT-Multiple-0016,16
PT-Multiple-0017,17
PT-Multiple-0018,18
PT-Multiple-0019,19
PT-Multiple-0020,20
PT-Multiple-0021,21
PT-Multiple-0022,22
PT-Multiple-0023,23
PT-Multiple-0024,24
PT-Multiple-0025,25
PT-Multiple-0026,26
PT-Multiple-0027,27
PT-Multiple-0028,28
PT-Multiple-0029,29
PT-Multiple-0030,30
PT-Multiple-0031,31
PT-Multiple-0032,32
PT-Multiple-0033,33
PT-Multiple-0034,34
PT-Multiple-0035,35
PT-Multiple-0036,36
PT-Multiple-0037,37
PT-Multiple-0038,38
PT-Multiple-0039,39
PT-Multiple-0040,40
PT-Multiple-0041,41
PT-Multiple-0042,42
PT-Multiple-0043,43
PT-Multiple-0044,44
PT-Multiple-0045,45
PT-Multiple-0046,46
PT-Multiple-0047,47
PT-Multiple-0048,48
PT-Multiple-0049,49
PT-Multiple-0050,50
PT-Multiple-0051,51
PT-Multiple-0052,52
PT-Multiple-0053,53
PT-Multiple-0054,54
PT-Multiple-0055,55
PT-Multiple-0056,56
PT-Multiple-0057,57
PT-Multiple-0058,58
PT-Multiple-0059,59
PT-Multiple-0060,60
PT-Multiple-0061,61
PT-Multiple-0062,62
PT-Multiple-0063,63
PT-Multiple-0064,64
PT-Multiple-0065,65
PT-Multiple-0066,66
PT-Multiple-0067,67
PT-Multiple-0068,68
PT-Multiple-0069,69
PT-Multiple-0070,70
PT-Multiple-0071,71
PT-Multiple-0072,72
PT-Multiple-0073,73
PT-Multiple-0074,74
PT-Multiple-0075,75
PT-Multiple-0076,76
PT-Multiple-0077,77
PT-Multiple-0078,78
PT-Multiple-0079,79
PT-Multiple-0080,80
PT-Multiple-0081,81
PT-Multiple-0082,82
PT-Multiple-0083,83
PT-Multiple-0084,84
PT-Multiple-0085,85
PT-Multiple-0086,86
PT-Multiple-0087,87
PT-Multiple-0088,88
PT-Multiple-0089,89
PT-Multiple-0090,90
PT-Multiple-0091,91
PT-Multiple-0092,92
PT-Multiple-0093,93
PT-Multiple-0094,94
PT-Multiple-0095,95
PT-Multiple-0096,96
PT-Multiple-0097,97
PT-Multiple-0098,98
PT-Multiple-0099,99
PT-Multiple-0100,100
PT-Multiple-0101,101
PT-Multiple-0102,102
PT-Multiple-0103,103
PT-Multiple-0104,104
PT-Multiple-0105,105
PT-Multiple-0106,106
PT-Multiple-0107,107
PT-Multiple-0108,108
PT-Multiple-0109,109
PT-Multiple-0110,110
PT-Multiple-0111,111
PT-Multiple-0112,112
PT-Multiple-0113,113
PT-Multiple-0114,114
PT-Multiple-0115,115
PT-Multiple-0116,116
PT-Multiple-0117,117
PT-Multiple-0118,118
PT-Multiple-0119,119
PT-Multiple-0120,120
PT-Multiple-0121,121
PT-Multiple-0122,122
PT-Multiple-0123,123
PT-Multiple-0124,124
PT-Multiple-0125,125
PT-Multiple-0126,126
PT-Multiple-0127,127
PT-Multiple-0128,128
PT-Multiple-0129,129
PT-Multiple-0130,130
PT-Multiple-0131,131
PT-Multiple-0132,132
PT-Multiple-0133,133
PT-Multiple-0134,134
PT-Multiple-0135,135
PT-Multiple-0136,136
PT-Multiple-0137,137
PT-Multiple-0138,138
PT-Multiple-0139,139
PT-Multiple-0140,140
PT-Multiple-0141,141
PT-Multiple-0142,142
PT-Multiple-0143,143
PT-Multiple-0144,144
PT-Multiple-0145,145
PT-Multiple-0146,146
PT-Multiple-0147,147
PT-Multiple-0148,148
PT-Multiple-0149,149
PT-Multiple-0150,150
PT-Multiple-0151,151
PT-Multiple-0152,152
PT-Multiple-0153,153
PT-Multiple-0154,154
PT-Multiple-0155,155
PT-Multiple-0156,156
PT-Multiple-0157,157
PT-Multiple-0158,158
PT-Multiple-0159,159
PT-Multiple-0160,160
PT-Multiple-0161,161
PT-Multiple-0162,162
PT-Multiple-0163,163
PT-Multiple-0164,164
PT-Multiple-0165,165
PT-Multiple-0166,166
PT-Multiple-0167,167
PT-Multiple-0168,168
PT-Multiple-0169,169
PT-Multiple-0170,170
PT-Multiple-0171,171
PT-Multiple-0172,172
PT-Multiple-0173,173
PT-Multiple-0174,174
PT-Multiple-0175,175
PT-Multiple-0176,176
PT-Multiple-0177,177
PT-Multiple-0178,178
PT-Multiple-0179,179
PT-Multiple-0180,180
PT-Multiple-0181,181
PT-Multiple-0182,182
PT-Multiple-0183,183
PT-Multiple-0184,184
PT-Multiple-0185,185
PT-Multiple-0186,186
PT-Multiple-0187,187
PT-Multiple-0188,188
PT-Multiple-0189,189
PT-Multiple-0190,190
PT-Multiple-0191,191
PT-Multiple-0192,192
PT-Multiple-0193,193
PT-Multiple-0194,194
PT-Multiple-0195,195
PT-Multiple-0196,196
PT-Multiple-0197,197
PT-Multiple-0198,198
PT-Multiple-0199,199
PT-Multiple-0200,200
PT-Multiple-0201,201
PT-Multiple-0202,202
PT-Multiple-0203,203
PT-Multiple-0204,204
PT-Multiple-0205,205
PT-Multiple-0206,206
PT-Multiple-0207,207
PT-Multiple-0208,208
PT-Multiple-0209,209
PT-Multiple-0210,210
PT-Multiple-0211,211
PT-Multiple-0212,212
PT-Multiple-0213,213
PT-Multiple-0214,214
PT-Multiple-0215,215
PT-Multiple-0216,216
PT-Multiple-0217,217
PT-Multiple-0218,218
PT-Multiple-0219,219
PT-Multiple-0220,220
PT-Multiple-0221,221
PT-Multiple-0222,222
PT-Multiple-0223,223
PT-Multiple-0224,224
PT-Multiple-0225,225
PT-Multiple-0226,226
PT-Multiple-0227,227
PT-Multiple-0228,228
PT-Multiple-0229,229
PT-Multiple-0230,230
PT-Multiple-0231,231
PT-Multiple-0232,232
PT-Multiple-0233,233
PT-Multiple-0234,234
PT-Multiple-0235,235
PT-Multiple-0236,236
PT-Multiple-0237,237
PT-Multiple-0238,238
PT-Multiple-0239,239
PT-Multiple-0240,240
PT-Multiple-0241,241
PT-Multiple-0242,242
PT-Multiple-0243,243
PT-Multiple-0244,244
PT-Multiple-0245,245
PT-Multiple-0246,246
PT-Multiple-0247,247
PT-Multiple-0248,248
PT-Multiple-0249,249
PT-Multiple-0250,250
PT-Multiple-0251,251
PT-Multiple-0252,252
PT-Multiple-0253,253
PT-Multiple-0254,254
PT-Multiple-0255,255
PT-Multiple-0256,256
PT-Multiple-0257,257
PT-Multiple-0258,258
PT-Multiple-0259,259
PT-Multiple-0260,260
PT-Multiple-0261,261
PT-Multiple-0262,262
PT-Multiple-0263,263
PT-Multiple-0264,264
PT-Multiple-0265,265
PT-Multiple-0266,266
PT-Multiple-0267,267
PT-Multiple-0268,268
PT-Multiple-0269,269
PT-Multiple-0270,270
PT-Multiple-0271,271
PT-Multiple-0272,272
PT-Multiple-0273,273
PT-Multiple-0274,274
PT-Multiple-0275,275
PT-Multiple-0276,276
PT-Multiple-0277,277
PT-Multiple-0278,278
PT-Multiple-0279,279
PT-Multiple-0280,280
PT-Multiple-0281,281
PT-Multiple-0282,282
PT-Multiple-0283,283
PT-Multiple-0284,284
PT-Multiple-0285,285
PT-Multiple-0286,286
PT-Multiple-0287,287
PT-Multiple-0288,288
PT-Multiple-0289,289
PT-Multiple-0290,290
PT-Multiple-0291,291
PT-Multiple-0292,292
PT-Multiple-0293,293
PT-Multiple-0294,294
PT-Multiple-0295,295
PT-Multiple-0296,296
PT-Multiple-0297,297
PT-Multiple-0298,298
PT-Multiple-0299,299
PT-Multiple-0300,300
PT-Multiple-0301,301
PT-Multiple-0302,302
PT-Multiple-0303,303
PT-Multiple-0304,304
PT-Multiple-0305,305
PT-Multiple-0306,306
PT-Multiple-0307,307
PT-Multiple-0308,308
PT-Multiple-0309,309
PT-Multiple-0310,310
PT-Multiple-0311,311
PT-Multiple-0312,312
PT-Multiple-0313,313
PT-Multiple-0314,314
PT-Multiple-0315,315
PT-Multiple-0316,316
PT-Multiple-0317,317
PT-Multiple-0318,318
PT-Multiple-0319,319
PT-Multiple-0320,320
PT-Multiple-0321,321
PT-Multiple-0322,322
PT-Multiple-0323,323
PT-Multiple-0324,324
PT-Multiple-0325,325
PT-Multiple-0326,326
PT-Multiple-0327,327
PT-Multiple-0328,328
PT-Multiple-0329,329
PT-Multiple-0330,330
PT-Multiple-0331,331
PT-Multiple-0332,332
PT-Multiple-0333,333
PT-Multiple-0334,334
PT-Multiple-0335,335
PT-Multiple-0336,336
PT-Multiple-0337,337
PT-Multiple-0338,338
PT-Multiple-0339,339
PT-Multiple-0340,340
PT-Multiple-0341,341
PT-Multiple-0342,342
PT-Multiple-0343,343
PT-Multiple-0344,344
PT-Multiple-0345,345
PT-Multiple-0346,346
PT-Multiple-0347,347
PT-Multiple-0348,348
PT-Multiple-0349,349
PT-Multiple-0350,350
PT-Multiple-0351,351
PT-Multiple-0352,352
PT-Multiple-0353,353
PT-Multiple-0354,354
PT-Multiple-0355,355
PT-Multiple-0356,356
PT-Multiple-0357,357
PT-Multiple-0358,358
PT-Multiple-0359,359
PT-Multiple-0360,360
PT-Multiple-0361,361
PT-Multiple-0362,362
PT-Multiple-0363,363
PT-Multiple-0364,364
PT-Multiple-0365,365
PT-Multiple-0366,366
PT-Multiple-0367,367
PT-Multiple-0368,368
PT-Multiple-0369,369
PT-Multiple-0370,370
PT-Multiple-0371,371
PT-Multiple-0372,372
PT-Multiple-0373,373
PT-Multiple-0374,374
PT-Multiple-0375,375
PT-Multiple-0376,376
PT-Multiple-0377,377
PT-Multiple-0378,378
PT-Multiple-0379,379
PT-Multiple-0380,380
PT-Multiple-0381,381
PT-Multiple-0382,382
PT-Multiple-0383,383
PT-Multiple-0384,384
PT-Multiple-0385,385
PT-Multiple-0386,386
PT-Multiple-0387,387
PT-Multiple-0388,388
PT-Multiple-0389,389
PT-Multiple-0390,390
PT-Multiple-0391,391
PT-Multiple-0392,392
PT-Multiple-0393,393
PT-Multiple-0394,394
PT-Multiple-0395,395
PT-Multiple-0396,396
PT-Multiple-0397,397
PT-Multiple-0398,398
PT-Multiple-0399,399
PT-Multiple-0400,400
PT-Multiple-0401,401
PT-Multiple-0402,402
PT-Multiple-0403,403
PT-Multiple-0404,404
PT-Multiple-0405,405
PT-Multiple-0406,406
PT-Multiple-0407,407
PT-Multiple-0408,408
PT-Multiple-0409,409
PT-Multiple-0410,410
PT-Multiple-0411,411
PT-Multiple-0412,412
PT-Multiple-0413,413
PT-Multiple-0414,414
PT-Multiple-0415,415
PT-Multiple-0416,416
PT-Multiple-0417,417
PT-Multiple-0418,418
PT-Multiple-0419,419
PT-Multiple-0420,420
PT-Multiple-0421,421
PT-Multiple-0422,422
PT-Multiple-0423,423
PT-Multiple-0424,424
PT-Multiple-0425,425
PT-Multiple-0426,426
PT-Multiple-0427,427
PT-Multiple-0428,428
PT-Multiple-0429,429
PT-Multiple-0430,430
PT-Multiple-0431,431
PT-Multiple-0432,432
PT-Multiple-0433,433
PT-Multiple-0434,434
PT-Multiple-0435,435
PT-Multiple-0436,436
PT-Multiple-0437,437
PT-Multiple-0438,438
PT-Multiple-0439,439
PT-Multiple-0440,440
PT-Multiple-0441,441
PT-Multiple-0442,442
PT-Multiple-0443,443
PT-Multiple-0444,444
PT-Multiple-0445,445
PT-Multiple-0446,446
PT-Multiple-0447,447
PT-Multiple-0448,448
PT-Multiple-0449,449
PT-Multiple-0450,450
PT-Multiple-0451,451
PT-Multiple-0452,452
PT-Multiple-0453,453
PT-Multiple-0454,454
PT-Multiple-0455,455
PT-Multiple-0456,456
PT-Multiple-0457,457
PT-Multiple-0458,458
PT-Multiple-0459,459
PT-Multiple-0460,460
PT-Multiple-0461,461
PT-Multiple-0462,462
PT-Multiple-0463,463
PT-Multiple-0464,464
PT-Multiple-0465,465
PT-Multiple-0466,466
PT-Multiple-0467,467
PT-Multiple-0468,468
PT-Multiple-0469,469
PT-Multiple-0470,470
PT-Multiple-0471,471
PT-Multiple-0472,472
PT-Multiple-0473,473
PT-Multiple-0474,474
PT-Multiple-0475,475
PT-Multiple-0476,476
PT-Multiple-0477,477
PT-Multiple-0478,478
PT-Multiple-0479,479
PT-Multiple-0480,480
PT-Multiple-0481,481
PT-Multiple-0482,482
PT-Multiple-0483,483
PT-Multiple-0484,484
PT-Multiple-0485,485
PT-Multiple-0486,486
PT-Multiple-0487,487
PT-Multiple-0488,488
PT-Multiple-0489,489
PT-Multiple-0490,490
PT-Multiple-0491,491
PT-Multiple-0492,492
PT-Multiple-0493,493
PT-Multiple-0494,494
PT-Multiple-0495,495
PT-Multiple-0496,496
PT-Multiple-0497,497
PT-Multiple-0498,498
PT-Multiple-0499,499
PT-Multiple-0500,500
PT-Multiple-0501,501
PT-Multiple-0502,502
PT-Multiple-0503,503
PT-Multiple-0504,504
PT-Multiple-0505,505
PT-Multiple-0506,506
PT-Multiple-0507,507
PT-Multiple-0508,508
PT-Multiple-0509,509
PT-Multiple-0510,510
PT-Multiple-0511,511
PT-Multiple-0512,512
PT-Multiple-0513,513
PT-Multiple-0514,514
PT-Multiple-0515,515
PT-Multiple-0516,516
PT-Multiple-0517,517
PT-Multiple-0518,518
PT-Multiple-0519,519
PT-Multiple-0520,520
PT-Multiple-0521,521
PT-Multiple-0522,522
PT-Multiple-0523,523
PT-Multiple-0524,524
PT-Multiple-0525,525
PT-Multiple-0526,526
PT-Multiple-0527,527
PT-Multiple-0528,528
PT-Multiple-0529,529
PT-Multiple-0530,530
PT-Multiple-0531,531
PT-Multiple-0532,532
PT-Multiple-0533,533
PT-Multiple-0534,534
PT-Multiple-0535,535
PT-Multiple-0536,536
PT-Multiple-0537,537
PT-Multiple-0538,538
PT-Multiple-0539,539
PT-Multiple-0540,540
PT-Multiple-0541,541
PT-Multiple-0542,542
PT-Multiple-0543,543
PT-Multiple-0544,544
PT-Multiple-0545,545
PT-Multiple-0546,546
PT-Multiple-0547,547
PT-Multiple-0548,548
PT-Multiple-0549,549
PT-Multiple-0550,550
PT-Multiple-0551,551
PT-Multiple-0552,552
PT-Multiple-0553,553
PT-Multiple-0554,554
PT-Multiple-0555,555
PT-Multiple-0556,556
PT-Multiple-0557,557
PT-Multiple-0558,558
PT-Multiple-0559,559
PT-Multiple-0560,560
PT-Multiple-0561,561
PT-Multiple-0562,562
PT-Multiple-0563,563
PT-Multiple-0564,564
PT-Multiple-0565,565
PT-Multiple-0566,566
PT-Multiple-0567,567
PT-Multiple-0568,568
PT-Multiple-0569,569
PT-Multiple-0570,570
PT-Multiple-0571,571
PT-Multiple-0572,572
PT-Multiple-0573,573
PT-Multiple-0574,574
PT-Multiple-0575,575
PT-Multiple-0576,576
PT-Multiple-0577,577
PT-Multiple-0578,578
PT-Multiple-0579,579
PT-Multiple-0580,580
PT-Multiple-0581,581
PT-Multiple-0582,582
PT-Multiple-0583,583
PT-Multiple-0584,584
PT-Multiple-0585,585
PT-Multiple-0586,586
PT-Multiple-0587,587
PT-Multiple-0588,588
PT-Multiple-0589,589
PT-Multiple-0590,590
PT-Multiple-0591,591
PT-Multiple-0592,592
PT-Multiple-0593,593
PT-Multiple-0594,594
PT-Multiple-0595,595
PT-Multiple-0596,596
PT-Multiple-0597,597
PT-Multiple-0598,598
PT-Multiple-0599,599
PT-Multiple-0600,600
PT-Multiple-0601,601
PT-Multiple-0602,602
PT-Multiple-0603,603
PT-Multiple-0604,604
PT-Multiple-0605,605
PT-Multiple-0606,606
PT-Multiple-0607,607
PT-Multiple-0608,608
PT-Multiple-0609,609
PT-Multiple-0610,610
PT-Multiple-0611,611
PT-Multiple-0612,612
PT-Multiple-0613,613
PT-Multiple-0614,614
PT-Multiple-0615,615
PT-Multiple-0616,616
PT-Multiple-0617,617
PT-Multiple-0618,618
PT-Multiple-0619,619
PT-Multiple-0620,620
PT-Multiple-0621,621
PT-Multiple-0622,622
PT-Multiple-0623,623
PT-Multiple-0624,624
PT-Multiple-0625,625
PT-Multiple-0626,626
PT-Multiple-0627,627
PT-Multiple-0628,628
PT-Multiple-0629,629
PT-Multiple-0630,630
PT-Multiple-0631,631
PT-Multiple-0632,632
PT-Multiple-0633,633
PT-Multiple-0634,634
PT-Multiple-0635,635
PT-Multiple-0636,636
PT-Multiple-0637,637
PT-Multiple-0638,638
PT-Multiple-0639,639
PT-Multiple-0640,640
PT-Multiple-0641,641
PT-Multiple-0642,642
PT-Multiple-0643,643
PT-Multiple-0644,644
PT-Multiple-0645,645
PT-Multiple-0646,646
PT-Multiple-0647,647
PT-Multiple-0648,648
PT-Multiple-0649,649
PT-Multiple-0650,650
PT-Multiple-0651,651
PT-Multiple-0652,652
PT-Multiple-0653,653
PT-Multiple-0654,654
PT-Multiple-0655,655
PT-Multiple-0656,656
PT-Multiple-0657,657
PT-Multiple-0658,658
PT-Multiple-0659,659
PT-Multiple-0660,660
PT-Multiple-0661,661
PT-Multiple-0662,662
PT-Multiple-0663,663
PT-Multiple-0664,664
PT-Multiple-0665,665
PT-Multiple-0666,666
PT-Multiple-0667,667
PT-Multiple-0668,668
PT-Multiple-0669,669
PT-Multiple-0670,670
PT-Multiple-0671,671
PT-Multiple-0672,672
PT-Multiple-0673,673
PT-Multiple-0674,674
PT-Multiple-0675,675
PT-Multiple-0676,676
PT-Multiple-0677,677
PT-Multiple-0678,678
PT-Multiple-0679,679
PT-Multiple-0680,680
PT-Multiple-0681,681
PT-Multiple-0682,682
PT-Multiple-0683,683
PT-Multiple-0684,684
PT-Multiple-0685,685
PT-Multiple-0686,686
PT-Multiple-0687,687
PT-Multiple-0688,688
PT-Multiple-0689,689
PT-Multiple-0690,690
PT-Multiple-0691,691
PT-Multiple-0692,692
PT-Multiple-0693,693
PT-Multiple-0694,694
PT-Multiple-0695,695
PT-Multiple-0696,696
PT-Multiple-0697,697
PT-Multiple-0698,698
PT-Multiple-0699,699
PT-Multiple-0700,700
PT-Multiple-0701,701
PT-Multiple-0702,702
PT-Multiple-0703,703
PT-Multiple-0704,704
PT-Multiple-0705,705
PT-Multiple-0706,706
PT-Multiple-0707,707
PT-Multiple-0708,708
PT-Multiple-0709,709
PT-Multiple-0710,710
PT-Multiple-0711,711
PT-Multiple-0712,712
PT-Multiple-0713,713
PT-Multiple-0714,714
PT-Multiple-0715,715
PT-Multiple-0716,716
PT-Multiple-0717,717
PT-Multiple-0718,718
PT-Multiple-0719,719
PT-Multiple-0720,720
PT-Multiple-0721,721
PT-Multiple-0722,722
PT-Multiple-0723,723
PT-Multiple-0724,724
PT-Multiple-0725,725
PT-Multiple-0726,726
PT-Multiple-0727,727
PT-Multiple-0728,728
PT-Multiple-0729,729
PT-Multiple-0730,730
PT-Multiple-0731,731
PT-Multiple-0732,732
PT-Multiple-0733,733
PT-Multiple-0734,734
PT-Multiple-0735,735
PT-Multiple-0736,736
PT-Multiple-0737,737
PT-Multiple-0738,738
PT-Multiple-0739,739
PT-Multiple-0740,740
PT-Multiple-0741,741
PT-Multiple-0742,742
PT-Multiple-0743,743
PT-Multiple-0744,744
PT-Multiple-0745,745
PT-Multiple-0746,746
PT-Multiple-0747,747
PT-Multiple-0748,748
PT-Multiple-0749,749
PT-Multiple-0750,750
PT-Multiple-0751,751
PT-Multiple-0752,752
PT-Multiple-0753,753
PT-Multiple-0754,754
PT-Multiple-0755,755
PT-Multiple-0756,756
PT-Multiple-0757,757
PT-Multiple-0758,758
PT-Multiple-0759,759
PT-Multiple-0760,760
PT-Multiple-0761,761
PT-Multiple-0762,762
PT-Multiple-0763,763
PT-Multiple-0764,764
PT-Multiple-0765,765
PT-Multiple-0766,766
PT-Multiple-0767,767
PT-Multiple-0768,768
PT-Multiple-0769,769
PT-Multiple-0770,770
PT-Multiple-0771,771
PT-Multiple-0772,772
PT-Multiple-0773,773
PT-Multiple-0774,774
PT-Multiple-0775,775
PT-Multiple-0776,776
PT-Multiple-0777,777
PT-Multiple-0778,778
PT-Multiple-0779,779
PT-Multiple-0780,780
PT-Multiple-0781,781
PT-Multiple-0782,782
PT-Multiple-0783,783
PT-Multiple-0784,784
PT-Multiple-0785,785
PT-Multiple-0786,786
PT-Multiple-0787,787
PT-Multiple-0788,788
PT-Multiple-0789,789
PT-Multiple-0790,790
PT-Multiple-0791,791
PT-Multiple-0792,792
PT-Multiple-0793,793
PT-Multiple-0794,794
PT-Multiple-0795,795
PT-Multiple-0796,796
PT-Multiple-0797,797
PT-Multiple-0798,798
PT-Multiple-0799,799
PT-Multiple-0800,800
PT-Multiple-0801,801
PT-Multiple-0802,802
PT-Multiple-0803,803
PT-Multiple-0804,804
PT-Multiple-0805,805
PT-Multiple-0806,806
PT-Multiple-0807,807
PT-Multiple-0808,808
PT-Multiple-0809,809
PT-Multiple-0810,810
PT-Multiple-0811,811
PT-Multiple-0812,812
PT-Multiple-0813,813
PT-Multiple-0814,814
PT-Multiple-0815,815
PT-Multiple-0816,816
PT-Multiple-0817,817
PT-Multiple-0818,818
PT-Multiple-0819,819
PT-Multiple-0820,820
PT-Multiple-0821,821
PT-Multiple-0822,822
PT-Multiple-0823,823
PT-Multiple-0824,824
PT-Multiple-0825,825
PT-Multiple-0826,826
PT-Multiple-0827,827
PT-Multiple-0828,828
PT-Multiple-0829,829
PT-Multiple-0830,830
PT-Multiple-0831,831
PT-Multiple-0832,832
PT-Multiple-0833,833
PT-Multiple-0834,834
PT-Multiple-0835,835
PT-Multiple-0836,836
PT-Multiple-0837,837
PT-Multiple-0838,838
PT-Multiple-0839,839
PT-Multiple-0840,840
PT-Multiple-0841,841
PT-Multiple-0842,842
PT-Multiple-0843,843
PT-Multiple-0844,844
PT-Multiple-0845,845
PT-Multiple-0846,846
PT-Multiple-0847,847
PT-Multiple-0848,848
PT-Multiple-0849,849
PT-Multiple-0850,850
PT-Multiple-0851,851
PT-Multiple-0852,852
PT-Multiple-0853,853
PT-Multiple-0854,854
PT-Multiple-0855,855
PT-Multiple-0856,856
PT-Multiple-0857,857
PT-Multiple-0858,858
PT-Multiple-0859,859
PT-Multiple-0860,860
PT-Multiple-0861,861
PT-Multiple-0862,862
PT-Multiple-0863,863
PT-Multiple-0864,864
PT-Multiple-0865,865
PT-Multiple-0866,866
PT-Multiple-0867,867
PT-Multiple-0868,868
PT-Multiple-0869,869
PT-Multiple-0870,870
PT-Multiple-0871,871
PT-Multiple-0872,872
PT-Multiple-0873,873
PT-Multiple-0874,874
PT-Multiple-0875,875
PT-Multiple-0876,876
PT-Multiple-0877,877
PT-Multiple-0878,878
PT-Multiple-0879,879
PT-Multiple-0880,880
PT-Multiple-0881,881
PT-Multiple-0882,882
PT-Multiple-0883,883
PT-Multiple-0884,884
PT-Multiple-0885,885
PT-Multiple-0886,886
PT-Multiple-0887,887
PT-Multiple-0888,888
PT-Multiple-0889,889
PT-Multiple-0890,890
PT-Multiple-0891,891
PT-Multiple-0892,892
PT-Multiple-0893,893
PT-Multiple-0894,894
PT-Multiple-0895,895
PT-Multiple-0896,896
PT-Multiple-0897,897
PT-Multiple-0898,898
PT-Multiple-0899,899
PT-Multiple-0900,900
PT-Multiple-0901,901
PT-Multiple-0902,902
PT-Multiple-0903,903
PT-Multiple-0904,904
PT-Multiple-0905,905
PT-Multiple-0906,906
PT-Multiple-0907,907
PT-Multiple-0908,908
PT-Multiple-0909,909
PT-Multiple-0910,910
PT-Multiple-0911,911
PT-Multiple-0912,912
PT-Multiple-0913,913
PT-Multiple-0914,914
PT-Multiple-0915,915
PT-Multiple-0916,916
PT-Multiple-0917,917
PT-Multiple-0918,918
PT-Multiple-0919,919
PT-Multiple-0920,920
PT-Multiple-0921,921
PT-Multiple-0922,922
PT-Multiple-0923,923
PT-Multiple-0924,924
PT-Multiple-0925,925
PT-Multiple-0926,926
PT-Multiple-0927,927
PT-Multiple-0928,928
PT-Multiple-0929,929
PT-Multiple-0930,930
PT-Multiple-0931,931
PT-Multiple-0932,932
PT-Multiple-0933,933
PT-Multiple-0934,934
PT-Multiple-0935,935
PT-Multiple-0936,936
PT-Multiple-0937,937
PT-Multiple-0938,938
PT-Multiple-0939,939
PT-Multiple-0940,940
PT-Multiple-0941,941
PT-Multiple-0942,942
PT-Multiple-0943,943
PT-Multiple-0944,944
PT-Multiple-0945,945
PT-Multiple-0946,946
PT-Multiple-0947,947
PT-Multiple-0948,948
PT-Multiple-0949,949
PT-Multiple-0950,950
PT-Multiple-0951,951
PT-Multiple-0952,952
PT-Multiple-0953,953
PT-Multiple-0954,954
PT-Multiple-0955,955
PT-Multiple-0956,956
PT-Multiple-0957,957
PT-Multiple-0958,958
PT-Multiple-0959,959
PT-Multiple-0960,960
PT-Multiple-0961,961
PT-Multiple-0962,962
PT-Multiple-0963,963
PT-Multiple-0964,964
PT-Multiple-0965,965
PT-Multiple-0966,966
PT-Multiple-0967,967
PT-Multiple-0968,968
PT-Multiple-0969,969
PT-Multiple-0970,970
PT-Multiple-0971,971
PT-Multiple-0972,972
PT-Multiple-0973,973
PT-Multiple-0974,974
PT-Multiple-0975,975
PT-Multiple-0976,976
PT-Multiple-0977,977
PT-Multiple-0978,978
PT-Multiple-0979,979
PT-Multiple-0980,980
PT-Multiple-0981,981
PT-Multiple-0982,982
PT-Multiple-0983,983
PT-Multiple-0984,984
PT-Multiple-0985,985
PT-Multiple-0986,986
PT-Multiple-0987,987
PT-Multiple-0988,988
PT-Multiple-0989,989
PT-Multiple-0990,990
PT-Multiple-0991,991
PT-Multiple-0992,992
PT-Multiple-0993,993
PT-Multiple-0994,994
PT-Multiple-0995,995
PT-Multiple-0996,996
PT-Multiple-0997,997
PT-Multiple-0998,998
PT-Multiple-0999,999
PT-Multiple-1000,1000